anio,precio,kilometraje,transmision,combustible
2024.0,37490.0,35600.0,Automática,Otros
2017.0,22900.0,52362.0,Automática,Gasolina
2016.0,15900.0,113237.0,Automática,Gasolina
2017.0,26900.0,58000.0,Automática,Gasolina
2016.0,13900.0,59000.0,Automática,Gasolina
2009.0,13900.0,123113.0,Automática,Gasolina
2012.0,12900.0,72670.0,Automática,Gasolina
2021.0,37900.0,61628.0,Automática - Secuencial,Gasolina
2022.0,44900.0,27000.0,Automática - Secuencial,Gasolina
2015.0,23500.0,117329.0,Automática - Secuencial,Otros
2017.0,18990.0,90597.0,Automática,Gasolina
2023.0,42490.0,14000.0,Automática,Otros
2022.0,23900.0,66000.0,Automática,Gasolina
2024.0,31200.0,22000.0,Automática,Gasolina
2013.0,19490.0,77000.0,Automática,Gasolina
2014.0,14750.0,55000.0,Automática - Secuencial,Gasolina
2022.0,43000.0,78866.0,Automática - Secuencial,Otros
2023.0,38500.0,37181.0,Automática,Gasolina
2018.0,9900.0,43500.0,Mecánica,Gasolina
2008.0,15000.0,31763.0,Automática,Gasolina
2017.0,26900.0,57000.0,Automática,Gasolina
2017.0,19900.0,45812.0,Automática,Gasolina
2025.0,30900.0,9713.0,Automática,Otros
2026.0,31800.0,1080.0,Automática - Secuencial,Gasolina
2022.0,31500.0,27118.0,Mecánica,Otros
2020.0,13900.0,120600.0,Automática,Otros
2023.0,36900.0,22861.0,Automática,Gasolina
2020.0,44900.0,44000.0,Automática - Secuencial,Gasolina
2020.0,23900.0,76000.0,Automática - Secuencial,Gasolina
2020.0,44900.0,72743.0,Automática,Gasolina
2017.0,16900.0,62000.0,Automática - Secuencial,Gasolina
2020.0,22900.0,45000.0,Automática,Gasolina
2018.0,32990.0,70000.0,Automática,Gasolina
2018.0,43990.0,41500.0,Automática - Secuencial,Gasolina
2022.0,18900.0,35452.0,Automática,Gasolina
2015.0,35900.0,45300.0,Automática,Gasolina
2017.0,18900.0,61984.0,Automática,Gasolina
2019.0,29900.0,61928.0,Automática - Secuencial,Gasolina
2021.0,34900.0,42700.0,Automática,Gasolina
2022.0,13900.0,31600.0,Automática,Gasolina
2018.0,29990.0,53700.0,Automática,Gasolina
2018.0,17900.0,30222.0,Automática,Gasolina
2023.0,22000.0,25303.0,Automática - Secuencial,Gasolina
2025.0,28900.0,20500.0,Automática - Secuencial,Gasolina
2021.0,16900.0,61500.0,Mecánica,Gasolina
2022.0,22900.0,34300.0,Mecánica,Otros
2021.0,27900.0,63282.0,Automática - Secuencial,Gasolina
2017.0,24900.0,92439.0,Automática,Gasolina
2020.0,13900.0,31000.0,Mecánica,Gasolina
2025.0,32900.0,10400.0,Automática,Gasolina
2017.0,27990.0,89740.0,Automática,Gasolina
2020.0,36900.0,78855.0,Automática - Secuencial,Gasolina
2025.0,26900.0,48.0,Automática,Otros
2022.0,21990.0,37000.0,Automática,Gasolina
2022.0,19900.0,70000.0,Mecánica,Otros
2025.0,19900.0,52.0,Automática,Gasolina
2019.0,19900.0,45416.0,Automática,Gasolina
2023.0,19990.0,35000.0,Automática - Secuencial,Gasolina
2020.0,15900.0,47069.0,Mecánica,Otros
2022.0,16990.0,69700.0,Mecánica,Gasolina
2020.0,25900.0,85464.0,Automática,Gasolina
2025.0,25990.0,15.0,Automática,Gasolina
2024.0,28500.0,41300.0,Automática - Secuencial,Gasolina
2016.0,33000.0,58694.0,Automática,Gasolina
2025.0,32500.0,7000.0,Automática - Secuencial,Gasolina
2015.0,13900.0,78730.0,Automática - Secuencial,Gasolina
2023.0,16900.0,49774.0,Mecánica,Gasolina
2025.0,29900.0,20500.0,Automática,Gasolina
2022.0,13900.0,50675.0,Mecánica,Gasolina
2023.0,18490.0,32000.0,Mecánica,Gasolina
2019.0,42900.0,70932.0,Automática,Gasolina
2022.0,24900.0,47224.0,Automática,Gasolina
2024.0,20990.0,30200.0,Automática,Gasolina
2016.0,13900.0,58000.0,Automática,Gasolina
2017.0,29900.0,115504.0,Automática,Gasolina
2013.0,16900.0,164333.0,Automática - Secuencial,Gasolina
2017.0,18900.0,92887.0,Automática,Gasolina
2013.0,20500.0,88548.0,Automática,Gasolina
2013.0,22500.0,78925.0,Automática,Gasolina
2023.0,34000.0,56667.0,Automática - Secuencial,Gasolina
2018.0,19900.0,68515.0,Automática,Gasolina
2026.0,31490.0,100.0,Automática,Gasolina
2021.0,21900.0,71387.0,Automática,Gasolina
2020.0,44900.0,30984.0,Automática,Gasolina
2019.0,18900.0,50871.0,Automática,Gasolina
2018.0,19990.0,60590.0,Automática,Gasolina
2024.0,17900.0,26777.0,Automática,Gasolina
2018.0,21990.0,73500.0,Automática,Gasolina
2013.0,13900.0,136549.0,Automática,Gasolina
2019.0,19990.0,39500.0,Automática - Secuencial,Gasolina
2017.0,27900.0,42773.0,Automática - Secuencial,Gasolina
2015.0,21900.0,112626.0,Automática,Gasolina
2014.0,21500.0,24094.0,Automática - Secuencial,Gasolina
2024.0,26490.0,15.0,Automática - Secuencial,Otros
2019.0,22900.0,71167.0,Automática,Gasolina
2021.0,36500.0,52000.0,Automática - Secuencial,Gasolina
2022.0,11900.0,52094.0,Mecánica,Gasolina
2023.0,23900.0,52300.0,Mecánica,Otros
2026.0,40990.0,3700.0,Automática - Secuencial,Gasolina
2015.0,16500.0,145029.0,Automática - Secuencial,Otros
2017.0,27900.0,94474.0,Automática,Gasolina
2022.0,39900.0,43500.0,Automática - Secuencial,Gasolina
2022.0,36990.0,35178.0,Automática,Otros
2022.0,23900.0,34209.0,Mecánica,Otros
2018.0,21000.0,60999.0,Automática,Gasolina
2015.0,23900.0,63892.0,Automática,Gasolina
2024.0,24490.0,48000.0,Automática - Secuencial,Gasolina
2020.0,31900.0,25265.0,Automática,Gasolina
2016.0,19900.0,68258.0,Automática,Gasolina
2020.0,39900.0,40564.0,Automática - Secuencial,Gasolina
2025.0,34900.0,7626.0,Automática - Secuencial,Otros
2015.0,13900.0,79717.0,Automática,Gasolina
2022.0,32990.0,68058.0,Automática,Otros
2015.0,14900.0,68970.0,Automática,Gasolina
2014.0,34900.0,86117.0,Automática - Secuencial,Gasolina
2023.0,23900.0,18000.0,Automática,Gasolina
2016.0,22990.0,81744.0,Automática,Gasolina
2024.0,19900.0,19948.0,Mecánica,Gasolina
2023.0,21900.0,37323.0,Automática,Gasolina
2020.0,34900.0,54000.0,Automática - Secuencial,Gasolina
2020.0,25900.0,75276.0,Automática - Secuencial,Gasolina
2025.0,44490.0,5000.0,Automática,Gasolina
2023.0,21000.0,15076.0,Automática,Gasolina
2020.0,23000.0,73406.0,Automática,Gasolina
2025.0,45000.0,800.0,Automática,Otros
2021.0,18900.0,10000.0,Automática - Secuencial,Gasolina
2017.0,15900.0,140700.0,Automática,Gasolina
2024.0,16800.0,15393.0,Mecánica,Gasolina
2020.0,28900.0,61165.0,Automática,Gasolina
2013.0,17900.0,86200.0,Automática,Gasolina
2018.0,32500.0,93495.0,Automática - Secuencial,Gasolina
2017.0,12900.0,32000.0,Mecánica,Gasolina
2021.0,14900.0,115900.0,Mecánica,Gasolina
2023.0,37490.0,24300.0,Automática,Gasolina
2024.0,44990.0,12100.0,Automática,Gasolina
2017.0,16900.0,51200.0,Automática - Secuencial,Gasolina
2018.0,44000.0,67800.0,Automática,Gasolina
2025.0,19900.0,76.0,Automática - Secuencial,Gasolina
2017.0,43000.0,55000.0,Automática - Secuencial,Gasolina
2021.0,43900.0,16000.0,Automática - Secuencial,Gasolina
2026.0,41990.0,1600.0,Automática,Gasolina
2016.0,18490.0,41500.0,Automática,Gasolina
2010.0,14900.0,152590.0,Automática,Gasolina
2025.0,32500.0,15367.0,Automática - Secuencial,Gasolina
2023.0,17490.0,5292.0,Mecánica,Gasolina
2026.0,28000.0,1174.0,Automática,Otros
2023.0,22900.0,78093.0,Automática,Gasolina
2025.0,18990.0,0.0,Mecánica,Otros
2023.0,16000.0,3300.0,Mecánica,Gasolina
2014.0,39900.0,2477.0,Mecánica,Gasolina
2019.0,29900.0,40362.0,Automática,Gasolina
2016.0,8900.0,123190.0,Automática,Gasolina
2011.0,15900.0,52939.0,Automática - Secuencial,Gasolina
2021.0,27900.0,139800.0,Automática - Secuencial,Gasolina
2021.0,21500.0,76594.0,Automática,Otros
2023.0,26900.0,34620.0,Automática - Secuencial,Gasolina
2020.0,27000.0,133583.0,Automática,Gasolina
2020.0,26990.0,32500.0,Automática - Secuencial,Gasolina
2023.0,24000.0,35700.0,Automática,Gasolina
2024.0,36900.0,45122.0,Automática,Otros
2022.0,24900.0,23167.0,Automática,Gasolina
2024.0,24900.0,44445.0,Automática,Gasolina
2013.0,39000.0,64000.0,Automática - Secuencial,Gasolina
2016.0,21900.0,69711.0,Automática - Secuencial,Gasolina
2026.0,44900.0,6368.0,Automática,Otros
2020.0,23900.0,56062.0,Automática - Secuencial,Gasolina
2025.0,24490.0,10300.0,Automática,Gasolina
2017.0,28900.0,71056.0,Automática,Gasolina
2023.0,20500.0,16200.0,Automática,Gasolina
2017.0,13900.0,93595.0,Automática,Gasolina
2022.0,43000.0,27955.0,Automática,Gasolina
2024.0,23500.0,24277.0,Automática,Gasolina
2020.0,25900.0,51856.0,Automática,Gasolina
2019.0,31900.0,82387.0,Automática,Gasolina
2015.0,26500.0,115849.0,Automática - Secuencial,Otros
2018.0,18900.0,81127.0,Automática,Gasolina
2020.0,34500.0,35265.0,Automática - Secuencial,Gasolina
2019.0,18900.0,67500.0,Automática,Gasolina
2023.0,11990.0,30537.0,Mecánica,Gasolina
2025.0,24990.0,14797.0,Automática,Gasolina
2023.0,39990.0,11359.0,Automática,Otros
2019.0,36500.0,109259.0,Automática - Secuencial,Otros
2022.0,31000.0,44229.0,Automática,Gasolina
2018.0,19900.0,83000.0,Automática,Gasolina
2016.0,19900.0,85922.0,Automática,Gasolina
2022.0,36900.0,30000.0,Automática - Secuencial,Gasolina
2023.0,41900.0,52000.0,Automática - Secuencial,Gasolina
2019.0,20990.0,68000.0,Automática,Gasolina
2024.0,42000.0,49140.0,Automática,Gasolina
2018.0,9900.0,91000.0,Mecánica,Gasolina
2024.0,13900.0,16600.0,Mecánica,Gasolina
2022.0,42000.0,43661.0,Automática,Gasolina
2016.0,14900.0,99185.0,Automática,Gasolina
2018.0,24990.0,72400.0,Automática - Secuencial,Gasolina
2015.0,26900.0,113000.0,Automática,Gasolina
2022.0,42990.0,39100.0,Automática,Otros
2021.0,19900.0,85000.0,Automática - Secuencial,Gasolina
2017.0,19900.0,115756.0,Automática - Secuencial,Gasolina
2018.0,39900.0,68240.0,Automática - Secuencial,Gasolina
2026.0,24900.0,100.0,Automática,Gasolina
2020.0,40700.0,74871.0,Automática,Gasolina
2018.0,18800.0,73674.0,Automática,Gasolina
2023.0,20000.0,45473.0,Automática,Gasolina
2021.0,44900.0,45518.0,Automática,Gasolina
2020.0,18900.0,111350.0,Automática,Gasolina
2017.0,18900.0,87248.0,Automática,Gasolina
2017.0,44900.0,52000.0,Automática,Gasolina
2023.0,32500.0,17592.0,Automática - Secuencial,Gasolina
2024.0,20290.0,13800.0,Automática,Gasolina
2018.0,27490.0,64800.0,Automática,Gasolina
2019.0,34900.0,89435.0,Automática - Secuencial,Gasolina
2018.0,26990.0,106804.0,Automática - Secuencial,Gasolina
2020.0,20900.0,76000.0,Automática - Secuencial,Gasolina
2022.0,36990.0,4750.0,Automática - Secuencial,Gasolina
2016.0,22500.0,85783.0,Automática,Gasolina
2020.0,29900.0,36766.0,Automática,Gasolina
2025.0,21900.0,321.0,Mecánica,Otros
2022.0,27900.0,77000.0,Automática - Secuencial,Gasolina
2024.0,45000.0,15500.0,Automática,Gasolina
2018.0,22900.0,86200.0,Automática,Gasolina
2022.0,37900.0,18000.0,Automática,Gasolina
2021.0,17500.0,44650.0,Automática,Gasolina
2026.0,16790.0,20.0,Mecánica,Gasolina
2015.0,30990.0,74602.0,Automática - Secuencial,Gasolina
2026.0,22500.0,3608.0,Automática,Gasolina
2023.0,25990.0,36.0,Mecánica,Otros
2007.0,14900.0,150000.0,Automática - Secuencial,Otros
2018.0,26900.0,66878.0,Automática,Gasolina
2021.0,35900.0,43860.0,Automática,Gasolina
2024.0,18000.0,1371.0,Automática,Otros
2015.0,24900.0,111276.0,Automática - Secuencial,Gasolina
2024.0,18290.0,16000.0,Automática,Gasolina
2022.0,39900.0,59062.0,Automática - Secuencial,Otros
2013.0,13000.0,109113.0,Automática,Otros
2021.0,38990.0,57300.0,Automática,Gasolina
2018.0,16900.0,28000.0,Automática,Gasolina
2018.0,29900.0,67000.0,Automática,Gasolina
2020.0,28900.0,63758.0,Automática,Gasolina
2019.0,32000.0,44900.0,Automática,Gasolina
2025.0,23490.0,24597.0,Automática - Secuencial,Otros
2018.0,30000.0,87209.0,Automática,Gasolina
2023.0,31900.0,21191.0,Automática,Gasolina
2016.0,22900.0,120805.0,Automática,Gasolina
2016.0,16900.0,76000.0,Automática,Gasolina
2017.0,24900.0,83725.0,Automática,Gasolina
2021.0,25490.0,23400.0,Automática,Gasolina
2014.0,15900.0,164581.0,Automática,Gasolina
2017.0,18900.0,83000.0,Automática - Secuencial,Gasolina
2017.0,27500.0,44085.0,Automática - Secuencial,Gasolina
2025.0,24990.0,13734.0,Automática - Secuencial,Gasolina
2025.0,26900.0,4700.0,Automática,Gasolina
2010.0,19900.0,86625.0,Automática,Gasolina
2026.0,28000.0,700.0,Automática - Secuencial,Gasolina
2018.0,37900.0,52580.0,Automática,Gasolina
2020.0,20900.0,45972.0,Automática,Gasolina
2021.0,36900.0,46755.0,Automática,Gasolina
2019.0,19900.0,77000.0,Automática,Gasolina
2016.0,44900.0,55000.0,Automática - Secuencial,Gasolina
2021.0,23900.0,68200.0,Automática - Secuencial,Gasolina
2019.0,17500.0,155334.0,Automática - Secuencial,Gasolina
2022.0,39900.0,46861.0,Automática - Secuencial,Gasolina
2020.0,32000.0,71300.0,Automática,Gasolina
2023.0,22490.0,42859.0,Mecánica,Otros
2014.0,13900.0,91000.0,Automática,Gasolina
2023.0,20990.0,1653.0,Automática,Otros
2022.0,30900.0,9090.0,Automática,Gasolina
2016.0,16900.0,69900.0,Mecánica,Gasolina
2016.0,21500.0,112265.0,Automática - Secuencial,Gasolina
2023.0,15990.0,38340.0,Automática,Gasolina
2018.0,21900.0,45000.0,Automática - Secuencial,Gasolina
2025.0,39490.0,400.0,Automática,Gasolina
2013.0,11900.0,105400.0,Automática,Gasolina
2025.0,27900.0,9801.0,Automática,Gasolina
2026.0,19990.0,17.0,Automática,Gasolina
2010.0,25900.0,74000.0,Automática - Secuencial,Gasolina
2018.0,24900.0,35951.0,Automática - Secuencial,Gasolina
2024.0,11000.0,41366.0,Mecánica,Otros
2024.0,13800.0,8000.0,Mecánica,Otros
2022.0,18900.0,40773.0,Mecánica,Otros
2026.0,31900.0,0.0,Automática - Secuencial,Gasolina
2021.0,30500.0,41500.0,Automática,Gasolina
2017.0,21590.0,74000.0,Automática,Gasolina
2025.0,24990.0,11977.0,Automática - Secuencial,Gasolina
2023.0,44990.0,41500.0,Automática,Otros
2024.0,41990.0,21100.0,Automática - Secuencial,Otros
2016.0,29900.0,63831.0,Automática - Secuencial,Gasolina
2024.0,42900.0,9664.0,Automática - Secuencial,Gasolina
2017.0,30000.0,32000.0,Automática - Secuencial,Gasolina
2015.0,11500.0,86592.0,Automática - Secuencial,Otros
2016.0,24900.0,79108.0,Automática,Gasolina
2021.0,42900.0,46670.0,Automática,Gasolina
2020.0,23900.0,67600.0,Automática - Secuencial,Gasolina
2015.0,9900.0,46400.0,Mecánica,Gasolina
2020.0,30900.0,45600.0,Automática,Gasolina
2026.0,24900.0,100.0,Automática,Gasolina
2023.0,22900.0,17170.0,Automática,Gasolina
2020.0,19990.0,54000.0,Automática,Gasolina
2010.0,7900.0,93347.0,Mecánica,Gasolina
2018.0,40990.0,50717.0,Automática,Gasolina
2024.0,22990.0,84.0,Automática,Gasolina
2023.0,38000.0,52917.0,Automática,Otros
2013.0,13900.0,120968.0,Automática,Gasolina
2020.0,33900.0,60000.0,Automática - Secuencial,Otros
2020.0,28500.0,29685.0,Automática,Gasolina
2024.0,34900.0,13461.0,Automática - Secuencial,Gasolina
2014.0,12900.0,87947.0,Mecánica,Gasolina
2018.0,21900.0,78000.0,Automática,Gasolina
2018.0,22990.0,45500.0,Automática - Secuencial,Gasolina
2024.0,43990.0,323.0,Automática,Gasolina
2018.0,23500.0,81735.0,Automática,Gasolina
2025.0,18990.0,30000.0,Mecánica,Otros
2024.0,35990.0,24200.0,Automática,Gasolina
2017.0,21900.0,35069.0,Automática - Secuencial,Gasolina
2023.0,19900.0,17800.0,Automática,Gasolina
2022.0,16900.0,24906.0,Automática,Gasolina
2021.0,26500.0,70149.0,Automática,Gasolina
2012.0,12900.0,95900.0,Mecánica,Gasolina
2020.0,25900.0,79198.0,Automática - Secuencial,Gasolina
2022.0,23900.0,25801.0,Mecánica,Otros
2018.0,39900.0,34247.0,Automática,Gasolina
2026.0,18290.0,32.0,Automática,Otros
2019.0,19900.0,59986.0,Automática,Gasolina
2025.0,45000.0,99.0,Automática,Otros
2023.0,15000.0,85637.0,Automática,Gasolina
2024.0,28900.0,14114.0,Automática,Gasolina
2022.0,18900.0,49500.0,Automática,Gasolina
2011.0,21900.0,118000.0,Automática,Gasolina
2017.0,30900.0,74158.0,Automática,Gasolina
2016.0,17900.0,51380.0,Automática - Secuencial,Gasolina
2019.0,32900.0,51333.0,Automática,Gasolina
2022.0,22900.0,35500.0,Automática,Gasolina
2019.0,20990.0,51800.0,Automática,Gasolina
2023.0,28900.0,48084.0,Automática,Otros
2022.0,26900.0,37851.0,Automática - Secuencial,Gasolina
2017.0,17900.0,86559.0,Automática,Gasolina
2014.0,12500.0,100795.0,Automática,Gasolina
2026.0,32490.0,1900.0,Mecánica,Otros
2022.0,24900.0,53300.0,Automática,Gasolina
2016.0,9990.0,56000.0,Mecánica,Gasolina
2026.0,32990.0,2244.0,Automática,Gasolina
2022.0,32900.0,14393.0,Automática,Gasolina
2024.0,18900.0,18092.0,Automática,Gasolina
2024.0,28990.0,12300.0,Automática - Secuencial,Gasolina
2025.0,25990.0,27.0,Automática,Gasolina
2024.0,19900.0,16966.0,Automática,Gasolina
2021.0,36900.0,15000.0,Automática - Secuencial,Gasolina
2017.0,16990.0,68500.0,Automática,Gasolina
2018.0,24900.0,69723.0,Automática - Secuencial,Gasolina
2022.0,25900.0,69693.0,Automática,Gasolina
2019.0,27990.0,55738.0,Automática,Gasolina
2018.0,18500.0,71000.0,Automática - Secuencial,Gasolina
2019.0,33900.0,82295.0,Automática - Secuencial,Gasolina
2019.0,22500.0,40962.0,Automática,Gasolina
2021.0,28900.0,51000.0,Automática - Secuencial,Gasolina
2023.0,39490.0,18000.0,Automática,Otros
2025.0,36900.0,15450.0,Automática,Gasolina
2023.0,11990.0,31267.0,Mecánica,Gasolina
2013.0,23000.0,108000.0,Automática - Secuencial,Gasolina
2024.0,21000.0,41473.0,Automática,Gasolina
2022.0,22500.0,18815.0,Automática,Gasolina
2020.0,19500.0,57557.0,Automática,Gasolina
2023.0,18900.0,56705.0,Mecánica,Gasolina
2019.0,38900.0,86895.0,Automática - Secuencial,Gasolina
2024.0,26490.0,48955.0,Automática - Secuencial,Otros
2023.0,25900.0,25000.0,Automática,Gasolina
2019.0,12500.0,90210.0,Automática,Gasolina
2012.0,18900.0,103216.0,Automática - Secuencial,Gasolina
2018.0,14990.0,28500.0,Automática,Gasolina
2022.0,21000.0,45203.0,Automática,Gasolina
2019.0,32900.0,69990.0,Automática - Secuencial,Gasolina
2013.0,19900.0,67239.0,Automática,Gasolina
2012.0,12900.0,113567.0,Automática,Gasolina
2019.0,26900.0,119786.0,Automática,Gasolina
2023.0,25990.0,33.0,Mecánica,Otros
2013.0,23900.0,78702.0,Automática,Gasolina
2025.0,30900.0,10874.0,Automática,Gasolina
2023.0,18490.0,6187.0,Automática,Gasolina
2025.0,27500.0,285.0,Automática - Secuencial,Gasolina
2022.0,19500.0,74800.0,Mecánica,Otros
2017.0,19900.0,30433.0,Automática,Gasolina
2018.0,24900.0,97386.0,Automática,Gasolina
2019.0,34900.0,55900.0,Automática - Secuencial,Gasolina
2021.0,36000.0,62121.0,Mecánica,Otros
2017.0,16900.0,85417.0,Automática - Secuencial,Gasolina
2015.0,23500.0,69513.0,Automática - Secuencial,Gasolina
2024.0,30990.0,26000.0,Automática,Otros
2012.0,40000.0,21082.0,Automática,Gasolina
2021.0,17900.0,29000.0,Automática,Gasolina
2014.0,15500.0,91886.0,Automática,Gasolina
2023.0,34500.0,29599.0,Automática,Gasolina
2025.0,25000.0,8969.0,Automática,Gasolina
2021.0,26000.0,137211.0,Mecánica,Otros
2021.0,42300.0,66460.0,Automática,Gasolina
2023.0,20500.0,22400.0,Automática,Gasolina
2020.0,13900.0,96040.0,Automática,Gasolina
2024.0,42991.0,15359.0,Automática,Otros
2019.0,17500.0,67814.0,Automática,Gasolina
2024.0,35900.0,29999.0,Automática,Gasolina
2025.0,26000.0,8070.0,Automática,Gasolina
2020.0,18500.0,71459.0,Automática,Gasolina
2022.0,19500.0,68224.0,Automática,Gasolina
2024.0,30990.0,16000.0,Automática,Otros
2020.0,21490.0,72000.0,Automática - Secuencial,Gasolina
2019.0,16300.0,90650.0,Automática,Gasolina
2024.0,23000.0,12557.0,Automática,Gasolina
2024.0,21990.0,7690.0,Automática - Secuencial,Gasolina
2025.0,17500.0,3394.0,Mecánica,Gasolina
2021.0,27900.0,44610.0,Automática,Gasolina
2025.0,18290.0,20.0,Mecánica,Otros
2018.0,14900.0,63130.0,Automática,Gasolina
2023.0,29991.0,18084.0,Automática,Otros
2024.0,16000.0,6160.0,Mecánica,Otros
2013.0,13900.0,89678.0,Automática,Gasolina
2022.0,19990.0,40700.0,Automática,Gasolina
2021.0,12000.0,60953.0,Automática,Gasolina
2024.0,19990.0,16000.0,Automática,Gasolina
2019.0,16000.0,52000.0,Automática,Gasolina
2013.0,8500.0,113929.0,Automática,Gasolina
2025.0,13000.0,710.0,Automática,Gasolina
2023.0,38900.0,31800.0,Automática - Secuencial,Gasolina
2023.0,25300.0,86813.0,Mecánica,Otros
2020.0,33000.0,84065.0,Automática,Gasolina
2024.0,32991.0,13762.0,Automática,Otros
2021.0,18500.0,56497.0,Automática,Otros
2023.0,13000.0,99801.0,Mecánica,Gasolina
2024.0,44500.0,744.0,Automática,Otros
2018.0,12900.0,90017.0,Automática,Gasolina
2012.0,13900.0,32226.0,Automática,Gasolina
2024.0,32991.0,3431.0,Automática,Otros
2023.0,23490.0,10500.0,Automática - Secuencial,Gasolina
2023.0,15500.0,1751.0,Automática,Otros
2025.0,16500.0,82831.0,Mecánica,Gasolina
2026.0,29900.0,9029.0,Automática,Gasolina
2025.0,43991.0,259.0,Automática,Otros
2020.0,39900.0,79865.0,Automática,Gasolina
2022.0,34000.0,48360.0,Automática,Gasolina
2024.0,28490.0,17000.0,Automática - Secuencial,Gasolina
2024.0,17500.0,27.0,Automática,Otros
2020.0,21900.0,116096.0,Mecánica,Otros
2021.0,32900.0,71665.0,Automática,Gasolina
2026.0,32490.0,250.0,Mecánica,Otros
2020.0,25000.0,94841.0,Automática,Gasolina
2022.0,25000.0,61155.0,Automática,Otros
2022.0,18600.0,86743.0,Automática - Secuencial,Otros
2022.0,25000.0,73730.0,Automática,Otros
2022.0,21000.0,61285.0,Automática,Otros
2023.0,35991.0,13649.0,Automática,Gasolina
2023.0,40900.0,45181.0,Mecánica,Otros
2023.0,29500.0,30566.0,Automática - Secuencial,Gasolina
2021.0,21500.0,56409.0,Automática,Gasolina
2023.0,19900.0,32215.0,Automática,Gasolina
2017.0,20900.0,91500.0,Automática - Secuencial,Gasolina
2024.0,18300.0,49080.0,Automática,Gasolina
2021.0,14290.0,51000.0,Mecánica,Otros
2023.0,30900.0,5019.0,Automática,Gasolina
2020.0,19500.0,54642.0,Automática,Gasolina
2022.0,21000.0,56378.0,Automática - Secuencial,Otros
2020.0,33900.0,52081.0,Automática,Otros
2017.0,8900.0,88100.0,Automática - Secuencial,Gasolina
2020.0,21500.0,96579.0,Mecánica,Otros
2013.0,19800.0,106253.0,Automática,Otros
2008.0,9000.0,1600.0,Automática,Gasolina
2018.0,16500.0,60824.0,Automática,Gasolina
2024.0,24000.0,13567.0,Automática,Otros
2023.0,9300.0,102000.0,Mecánica,Gasolina
2019.0,20900.0,49000.0,Automática - Secuencial,Gasolina
2014.0,13400.0,86000.0,Automática - Secuencial,Gasolina
2012.0,7099.0,98000.0,Mecánica,Otros
2017.0,21500.0,57500.0,Automática - Secuencial,Gasolina
2026.0,35000.0,2500.0,Automática - Secuencial,Gasolina
2024.0,21500.0,50000.0,Automática - Secuencial,Gasolina
2020.0,42500.0,30970.0,Automática,Gasolina
2022.0,22000.0,76000.0,Mecánica,Otros
2019.0,9000.0,90000.0,Mecánica,Gasolina
2023.0,18600.0,26000.0,Automática - Secuencial,Otros
2020.0,29800.0,74000.0,Automática,Gasolina
2017.0,18900.0,48600.0,Automática - Secuencial,Gasolina
2022.0,38700.0,16600.0,Automática - Secuencial,Gasolina
2019.0,31500.0,8000.0,Automática,Gasolina
2021.0,22000.0,32000.0,Automática - Secuencial,Otros
2013.0,15000.0,95000.0,Automática - Secuencial,Gasolina
2011.0,15200.0,143000.0,Automática - Secuencial,Gasolina
2020.0,35900.0,55000.0,Automática - Secuencial,Gasolina
2022.0,22000.0,42500.0,Automática - Secuencial,Gasolina
2017.0,26000.0,82000.0,Automática - Secuencial,Gasolina
2022.0,38700.0,9072.0,Automática,Otros
2018.0,30700.0,99700.0,Automática - Secuencial,Gasolina
2017.0,23500.0,145000.0,Automática - Secuencial,Gasolina
2025.0,30000.0,6000.0,Automática,Gasolina
2013.0,29500.0,81000.0,Automática - Secuencial,Gasolina
2021.0,35000.0,49000.0,Automática - Secuencial,Gasolina
2019.0,27900.0,66.0,Automática - Secuencial,Gasolina
2019.0,36000.0,35000.0,Automática - Secuencial,Gasolina
2012.0,12500.0,99000.0,Automática,Gasolina
2015.0,20000.0,60440.0,Mecánica,Gasolina
2019.0,25500.0,41000.0,Automática - Secuencial,Gasolina
2024.0,23000.0,32201.0,Automática,Otros
2024.0,14000.0,59000.0,Automática - Secuencial,Otros
2018.0,29000.0,44550.0,Automática,Gasolina
2018.0,24900.0,65453.0,Automática - Secuencial,Gasolina
2015.0,15500.0,83000.0,Automática,Gasolina
2014.0,19800.0,161000.0,Automática - Secuencial,Otros
2015.0,17300.0,120000.0,Automática - Secuencial,Gasolina
2019.0,10500.0,25722.0,Mecánica,Gasolina
2022.0,16800.0,50250.0,Automática,Gasolina
2023.0,42990.0,29100.0,Automática - Secuencial,Gasolina
2019.0,14100.0,96250.0,Mecánica,Gasolina
2016.0,10500.0,58000.0,Automática,Gasolina
2024.0,20500.0,6698.0,Automática,Gasolina
2020.0,21600.0,35000.0,Automática - Secuencial,Gasolina
2025.0,27500.0,6300.0,Automática,Gasolina
2025.0,16750.0,1100.0,Automática,Gasolina
2022.0,17500.0,55000.0,Automática,Gasolina
2018.0,19900.0,65000.0,Automática - Secuencial,Gasolina
2018.0,9850.0,87500.0,Mecánica,Otros
2012.0,13000.0,121000.0,Automática - Secuencial,Gasolina
2023.0,21900.0,14400.0,Automática,Gasolina
2019.0,31500.0,22610.0,Automática,Gasolina
2018.0,17300.0,76000.0,Automática,Gasolina
2013.0,20900.0,112000.0,Automática - Secuencial,Gasolina
2016.0,23500.0,94000.0,Automática,Gasolina
2020.0,26500.0,70000.0,Automática - Secuencial,Gasolina
2021.0,35900.0,25200.0,Automática - Secuencial,Gasolina
2024.0,38500.0,11800.0,Automática - Secuencial,Gasolina
2012.0,8300.0,29700.0,Mecánica,Gasolina
2018.0,42000.0,40000.0,Automática,Gasolina
2019.0,19990.0,40500.0,Automática - Secuencial,Gasolina
2018.0,36000.0,60400.0,Automática - Secuencial,Gasolina
2022.0,23500.0,107766.0,Mecánica,Otros
2015.0,22500.0,64000.0,Automática - Secuencial,Gasolina
2021.0,34500.0,75000.0,Automática,Gasolina
2014.0,11000.0,107500.0,Automática - Secuencial,Gasolina
2014.0,14000.0,99000.0,Automática - Secuencial,Gasolina
2019.0,22000.0,54000.0,Automática - Secuencial,Gasolina
2022.0,17500.0,60000.0,Automática - Secuencial,Gasolina
2023.0,21900.0,50600.0,Automática - Secuencial,Gasolina
2018.0,18600.0,55000.0,Automática - Secuencial,Gasolina
2018.0,20800.0,66355.0,Automática,Gasolina
2017.0,21000.0,58000.0,Automática - Secuencial,Gasolina
2023.0,12250.0,21000.0,Automática - Secuencial,Otros
2017.0,31500.0,85000.0,Automática,Gasolina
2009.0,9800.0,151500.0,Automática - Secuencial,Gasolina
2023.0,39000.0,17400.0,Automática - Secuencial,Gasolina
2018.0,20990.0,61000.0,Automática - Secuencial,Gasolina
2018.0,24900.0,78000.0,Automática - Secuencial,Gasolina
2013.0,7200.0,120000.0,Automática - Secuencial,Otros
2022.0,11500.0,89000.0,Mecánica,Otros
2017.0,11500.0,82000.0,Mecánica,Otros
2016.0,26990.0,115000.0,Automática - Secuencial,Gasolina
2019.0,20900.0,39800.0,Automática - Secuencial,Gasolina
2018.0,20900.0,66000.0,Automática,Gasolina
2019.0,22500.0,96500.0,Automática - Secuencial,Gasolina
2019.0,28400.0,69000.0,Automática,Gasolina
2023.0,21500.0,53000.0,Automática - Secuencial,Gasolina
2012.0,8900.0,54000.0,Mecánica,Gasolina
2019.0,29900.0,60000.0,Automática - Secuencial,Gasolina
2017.0,20000.0,41000.0,Automática - Secuencial,Gasolina
2017.0,14000.0,143000.0,Automática,Gasolina
2020.0,13500.0,66500.0,Automática,Gasolina
2020.0,16000.0,31500.0,Automática,Gasolina
2014.0,15000.0,93000.0,Automática,Gasolina
2011.0,13500.0,124000.0,Automática,Gasolina
2018.0,15500.0,72500.0,Automática,Gasolina
2023.0,19499.0,64500.0,Automática,Gasolina
2016.0,16500.0,75000.0,Automática,Gasolina
2017.0,19850.0,78000.0,Automática - Secuencial,Gasolina
2022.0,26700.0,59738.0,Mecánica,Otros
2021.0,28500.0,5100.0,Automática,Gasolina
2014.0,17300.0,90000.0,Automática - Secuencial,Gasolina
2018.0,30000.0,82000.0,Automática,Gasolina
2023.0,22990.0,17900.0,Automática,Gasolina
2022.0,28800.0,38000.0,Automática - Secuencial,Gasolina
2020.0,43000.0,55000.0,Automática,Gasolina
2020.0,22900.0,47000.0,Automática - Secuencial,Gasolina
2013.0,12500.0,77500.0,Automática - Secuencial,Gasolina
2016.0,17900.0,111000.0,Automática - Secuencial,Gasolina
2016.0,28000.0,80000.0,Automática,Gasolina
2021.0,24000.0,34000.0,Automática - Secuencial,Gasolina
2012.0,13500.0,110000.0,Automática - Secuencial,Gasolina
2017.0,20000.0,92500.0,Automática - Secuencial,Gasolina
2011.0,14500.0,162500.0,Automática - Secuencial,Otros
2021.0,40000.0,29800.0,Automática - Secuencial,Gasolina
2019.0,23800.0,70800.0,Automática - Secuencial,Gasolina
2019.0,15500.0,45720.0,Automática - Secuencial,Gasolina
2017.0,20500.0,47199.0,Automática - Secuencial,Gasolina
2020.0,16900.0,45500.0,Automática - Secuencial,Gasolina
2017.0,14000.0,120000.0,Automática - Secuencial,Gasolina
2020.0,35000.0,65000.0,Automática - Secuencial,Gasolina
2013.0,12000.0,95000.0,Automática - Secuencial,Gasolina
2018.0,19900.0,65000.0,Automática,Otros
2013.0,8000.0,93000.0,Mecánica,Gasolina
2022.0,35500.0,74482.0,Automática - Secuencial,Gasolina
2021.0,28500.0,35870.0,Automática - Secuencial,Gasolina
2022.0,39900.0,36000.0,Automática,Gasolina
2010.0,10500.0,110000.0,Automática,Gasolina
2015.0,18500.0,99000.0,Automática - Secuencial,Gasolina
2017.0,19500.0,66000.0,Automática - Secuencial,Gasolina
2020.0,12000.0,48500.0,Mecánica,Otros
2012.0,7000.0,76000.0,Automática,Gasolina
2016.0,37500.0,95000.0,Automática - Secuencial,Gasolina
2025.0,20000.0,31600.0,Automática - Secuencial,Gasolina
2022.0,8000.0,160000.0,Mecánica,Otros
2017.0,16900.0,53000.0,Automática - Secuencial,Gasolina
2025.0,24500.0,26000.0,Automática - Secuencial,Gasolina
2017.0,38700.0,50000.0,Automática - Secuencial,Gasolina
2017.0,26500.0,46000.0,Automática - Secuencial,Gasolina
2024.0,25000.0,6500.0,Automática,Gasolina
2020.0,35000.0,55000.0,Automática,Gasolina
2024.0,27000.0,30000.0,Mecánica,Gasolina
2020.0,27000.0,28198.0,Automática,Gasolina
2011.0,0.0,128000.0,Automática,Gasolina
2022.0,38200.0,7800.0,Automática - Secuencial,Gasolina
2022.0,15700.0,69000.0,Mecánica,Gasolina
2022.0,9000.0,60000.0,Mecánica,Otros
2022.0,16000.0,48000.0,Automática - Secuencial,Gasolina
2023.0,18500.0,10000.0,Automática - Secuencial,Gasolina
2024.0,27900.0,20900.0,Automática,Gasolina
2019.0,24900.0,44728.0,Automática,Gasolina
2018.0,26500.0,87100.0,Automática,Gasolina
2013.0,8000.0,116730.0,Mecánica,Gasolina
2018.0,21000.0,72000.0,Automática,Gasolina
2015.0,14900.0,66000.0,Automática - Secuencial,Gasolina
2008.0,13900.0,45151.0,Automática - Secuencial,Gasolina
2022.0,18200.0,62500.0,Automática - Secuencial,Gasolina
2015.0,13400.0,80000.0,Mecánica,Otros
2023.0,15900.0,29000.0,Mecánica,Otros
2025.0,34000.0,26.0,Automática,Gasolina
2020.0,12900.0,48000.0,Mecánica,Gasolina
2013.0,10500.0,90600.0,Automática,Gasolina
2025.0,16500.0,2400.0,Automática - Secuencial,Gasolina
2016.0,29900.0,67649.0,Automática - Secuencial,Gasolina
2025.0,23900.0,2645.0,Automática - Secuencial,Gasolina
2019.0,19900.0,66500.0,Automática - Secuencial,Gasolina
2019.0,14400.0,25090.0,Mecánica,Otros
2010.0,16950.0,1.0,Automática - Secuencial,Gasolina
2018.0,17200.0,65000.0,Automática - Secuencial,Gasolina
2016.0,23800.0,62000.0,Automática - Secuencial,Gasolina
2024.0,24900.0,36000.0,Automática - Secuencial,Gasolina
2022.0,41900.0,1600.0,Automática - Secuencial,Gasolina
2009.0,13900.0,73778.0,Automática - Secuencial,Gasolina
2018.0,21500.0,19500.0,Automática - Secuencial,Otros
2022.0,17000.0,30100.0,Automática - Secuencial,Gasolina
2024.0,21290.0,32500.0,Mecánica,Gasolina
2020.0,31500.0,155000.0,Automática - Secuencial,Otros
2022.0,32900.0,48000.0,Automática,Gasolina
2018.0,20500.0,33000.0,Automática - Secuencial,Gasolina
2025.0,19900.0,50.0,Automática,Gasolina
2023.0,20600.0,19400.0,Automática - Secuencial,Gasolina
2013.0,9000.0,119583.0,Mecánica,Gasolina
2012.0,11900.0,70000.0,Automática - Secuencial,Gasolina
2019.0,20990.0,76000.0,Automática - Secuencial,Gasolina
2020.0,16600.0,68000.0,Automática - Secuencial,Gasolina
2022.0,21900.0,81000.0,Automática - Secuencial,Gasolina
2018.0,28900.0,58553.0,Automática - Secuencial,Gasolina
2023.0,31000.0,35000.0,Automática,Otros
2020.0,26000.0,53872.0,Automática - Secuencial,Gasolina
2023.0,22700.0,39000.0,Automática,Gasolina
2019.0,15500.0,59425.0,Automática,Gasolina
2012.0,13500.0,134000.0,Automática - Secuencial,Gasolina
2018.0,11500.0,132644.0,Mecánica,Otros
2018.0,19900.0,82000.0,Automática - Secuencial,Gasolina
2018.0,28700.0,42000.0,Automática,Gasolina
2013.0,17000.0,92000.0,Automática - Secuencial,Gasolina
2013.0,33000.0,54534.0,Automática - Secuencial,Gasolina
2021.0,34800.0,22700.0,Automática - Secuencial,Gasolina
2018.0,21000.0,68500.0,Automática - Secuencial,Gasolina
2015.0,21990.0,65000.0,Automática,Gasolina
2013.0,8500.0,66500.0,Mecánica,Gasolina
2023.0,19200.0,55400.0,Automática - Secuencial,Gasolina
2023.0,20000.0,18000.0,Automática - Secuencial,Gasolina
2025.0,31700.0,11300.0,Automática - Secuencial,Gasolina
2026.0,31990.0,8657.0,Automática - Secuencial,Gasolina
2025.0,25490.0,500.0,Automática,Gasolina
2022.0,18500.0,30000.0,Automática - Secuencial,Gasolina
2017.0,17900.0,65781.0,Automática - Secuencial,Gasolina
2018.0,30000.0,30050.0,Automática - Secuencial,Gasolina
2019.0,15499.0,33729.0,Automática - Secuencial,Gasolina
2016.0,19000.0,113000.0,Automática - Secuencial,Gasolina
2020.0,28900.0,50513.0,Automática - Secuencial,Gasolina
2025.0,30500.0,500.0,Automática,Gasolina
2023.0,31900.0,8804.0,Automática - Secuencial,Gasolina
2013.0,13000.0,167000.0,Automática,Gasolina
2018.0,27500.0,69500.0,Automática - Secuencial,Gasolina
2023.0,35800.0,24000.0,Automática - Secuencial,Gasolina
2019.0,25700.0,62000.0,Automática - Secuencial,Gasolina
2019.0,17500.0,37900.0,Automática - Secuencial,Gasolina
2023.0,24900.0,21600.0,Automática - Secuencial,Gasolina
2025.0,28500.0,500.0,Automática,Gasolina
2018.0,27900.0,46475.0,Automática - Secuencial,Gasolina
2023.0,26490.0,18900.0,Automática - Secuencial,Gasolina
2025.0,17000.0,45000.0,Mecánica,Otros
2023.0,9250.0,105000.0,Mecánica,Otros
2020.0,39500.0,27241.0,Automática - Secuencial,Gasolina
2018.0,23200.0,72000.0,Automática,Gasolina
2022.0,17900.0,36000.0,Automática - Secuencial,Gasolina
2021.0,18000.0,37000.0,Automática - Secuencial,Otros
2019.0,19900.0,57000.0,Automática - Secuencial,Gasolina
2025.0,44000.0,3800.0,Automática - Secuencial,Gasolina
2022.0,0.0,12000.0,Automática - Secuencial,Gasolina
2014.0,12000.0,163000.0,Mecánica,Otros
2020.0,23000.0,20000.0,Automática - Secuencial,Otros
2017.0,16200.0,96500.0,Automática - Secuencial,Otros
2012.0,18900.0,54121.0,Automática - Secuencial,Gasolina
2012.0,18500.0,81300.0,Automática - Secuencial,Gasolina
2021.0,23900.0,28316.0,Automática - Secuencial,Gasolina
2024.0,27500.0,37600.0,Automática - Secuencial,Gasolina
2019.0,18000.0,29000.0,Automática - Secuencial,Gasolina
2019.0,30000.0,67000.0,Automática - Secuencial,Gasolina
2021.0,10500.0,118569.0,Mecánica,Otros
2018.0,27900.0,79000.0,Automática - Secuencial,Otros
2021.0,35700.0,33800.0,Automática - Secuencial,Gasolina
2017.0,26000.0,50000.0,Automática,Gasolina
2014.0,34500.0,107.0,Automática - Secuencial,Gasolina
2021.0,23500.0,26000.0,Automática,Gasolina
2013.0,13900.0,103500.0,Mecánica,Otros
2025.0,27000.0,9200.0,Automática - Secuencial,Gasolina
2020.0,14990.0,25000.0,Mecánica,Otros
2022.0,10600.0,95000.0,Automática,Otros
2018.0,29000.0,45000.0,Automática - Secuencial,Gasolina
2008.0,30000.0,135425.0,Automática,Gasolina
2023.0,18500.0,17000.0,Automática - Secuencial,Gasolina
2015.0,14000.0,78000.0,Automática - Secuencial,Gasolina
2015.0,25900.0,99000.0,Automática - Secuencial,Gasolina
2022.0,35000.0,14500.0,Automática - Secuencial,Gasolina
2019.0,25000.0,53000.0,Automática - Secuencial,Gasolina
2017.0,31000.0,35000.0,Mecánica,Otros
2023.0,17800.0,27800.0,Automática - Secuencial,Gasolina
2018.0,23900.0,97000.0,Automática - Secuencial,Gasolina
2017.0,16500.0,105000.0,Automática,Gasolina
2022.0,18200.0,77000.0,Automática,Gasolina
2014.0,11200.0,110000.0,Automática - Secuencial,Gasolina
2023.0,14900.0,11528.0,Mecánica,Gasolina
2019.0,13000.0,55000.0,Mecánica,Gasolina
2014.0,12500.0,75146.0,Mecánica,Gasolina
2022.0,12249.0,87000.0,Mecánica,Gasolina
2015.0,14900.0,74000.0,Automática,Gasolina
2019.0,34900.0,33000.0,Automática - Secuencial,Gasolina
2014.0,13000.0,92000.0,Automática - Secuencial,Gasolina
2009.0,11600.0,120000.0,Automática,Gasolina
2011.0,10000.0,76500.0,Automática,Gasolina
2024.0,45000.0,13000.0,Automática,Gasolina
2012.0,45000.0,158917.0,Automática,Gasolina
2014.0,45000.0,35000.0,Mecánica,Otros
2023.0,17950.0,74300.0,Mecánica,Otros
2014.0,13000.0,89500.0,Automática,Otros
2017.0,16300.0,112000.0,Automática - Secuencial,Gasolina
2016.0,22500.0,120000.0,Automática - Secuencial,Gasolina
2016.0,33000.0,67473.0,Automática - Secuencial,Gasolina
2015.0,21500.0,78000.0,Automática,Gasolina
2018.0,12900.0,92000.0,Mecánica,Otros
2017.0,37000.0,27000.0,Mecánica,Gasolina
2018.0,17500.0,93300.0,Automática,Gasolina
2016.0,12490.0,93000.0,Automática - Secuencial,Gasolina
2025.0,11500.0,33000.0,Mecánica,Otros
2007.0,23900.0,52000.0,Mecánica,Otros
2021.0,20000.0,48069.0,Mecánica,Gasolina
2023.0,13500.0,70000.0,Mecánica,Gasolina
2021.0,38000.0,28000.0,Automática - Secuencial,Gasolina
2017.0,12000.0,132803.0,Mecánica,Gasolina
2013.0,12500.0,88200.0,Automática - Secuencial,Gasolina
2021.0,40000.0,63000.0,Automática - Secuencial,Gasolina
2008.0,12900.0,78000.0,Mecánica,Gasolina
2024.0,10000.0,500.0,Mecánica,Otros
2022.0,17500.0,38000.0,Automática - Secuencial,Gasolina
2024.0,27000.0,65000.0,Mecánica,Otros
2022.0,17500.0,22000.0,Mecánica,Otros
2014.0,13000.0,65000.0,Automática - Secuencial,Otros
2025.0,31000.0,18000.0,Automática - Secuencial,Gasolina
2017.0,13900.0,99400.0,Mecánica,Gasolina
2013.0,16500.0,128000.0,Mecánica,Otros
2022.0,10500.0,78000.0,Automática - Secuencial,Gasolina
2021.0,30000.0,37000.0,Automática,Gasolina
2021.0,23900.0,68511.0,Automática,Otros
2020.0,19000.0,40000.0,Automática,Gasolina
2020.0,45000.0,70418.0,Automática - Secuencial,Gasolina
2020.0,26500.0,68000.0,Automática - Secuencial,Gasolina
2015.0,15500.0,111000.0,Automática - Secuencial,Gasolina
2017.0,39000.0,49000.0,Automática - Secuencial,Gasolina
2018.0,22500.0,58000.0,Automática - Secuencial,Gasolina
2021.0,32500.0,48000.0,Automática,Gasolina
2013.0,8500.0,48200.0,Mecánica,Gasolina
2017.0,23900.0,43335.0,Automática - Secuencial,Gasolina
2015.0,31600.0,77000.0,Automática - Secuencial,Gasolina
2017.0,12900.0,98917.0,Automática - Secuencial,Gasolina
2019.0,34000.0,81000.0,Automática - Secuencial,Gasolina
2012.0,18500.0,129500.0,Automática,Gasolina
2019.0,39799.0,73000.0,Automática - Secuencial,Gasolina
2020.0,31000.0,35500.0,Automática - Secuencial,Gasolina
2023.0,23000.0,71000.0,Mecánica,Otros
2018.0,16990.0,47000.0,Automática - Secuencial,Gasolina
2015.0,15900.0,94000.0,Automática - Secuencial,Gasolina
2022.0,10850.0,102000.0,Mecánica,Otros
2022.0,40000.0,46000.0,Automática - Secuencial,Gasolina
2019.0,13500.0,56000.0,Automática - Secuencial,Gasolina
2024.0,28500.0,42000.0,Automática,Gasolina
2017.0,15700.0,115700.0,Mecánica,Gasolina
2022.0,40500.0,35000.0,Automática - Secuencial,Gasolina
2021.0,22900.0,22000.0,Automática - Secuencial,Gasolina
2020.0,26900.0,42000.0,Automática - Secuencial,Gasolina
2008.0,13500.0,61724.0,Automática - Secuencial,Gasolina
2015.0,12000.0,83000.0,Mecánica,Gasolina
2015.0,8500.0,94100.0,Mecánica,Otros
2018.0,33000.0,52000.0,Automática,Gasolina
2015.0,16900.0,81000.0,Automática - Secuencial,Gasolina
2019.0,15200.0,54000.0,Automática - Secuencial,Gasolina
2016.0,10500.0,89450.0,Automática,Gasolina
2014.0,11999.0,105000.0,Automática - Secuencial,Gasolina
2018.0,16880.0,70500.0,Automática,Gasolina
2023.0,31890.0,36750.0,Automática - Secuencial,Gasolina
2017.0,39200.0,53100.0,Automática,Gasolina
2020.0,29900.0,63000.0,Automática - Secuencial,Gasolina
2022.0,13500.0,54000.0,Automática,Gasolina
2020.0,11000.0,46500.0,Automática - Secuencial,Gasolina
2018.0,19700.0,43000.0,Automática - Secuencial,Gasolina
2008.0,22000.0,25000.0,Automática - Secuencial,Gasolina
2022.0,17200.0,69200.0,Automática,Gasolina
2020.0,13600.0,74000.0,Mecánica,Gasolina
2015.0,13000.0,52000.0,Automática,Gasolina
2021.0,13500.0,75000.0,Automática,Gasolina
2016.0,18300.0,68636.0,Automática - Secuencial,Gasolina
2017.0,16499.0,44000.0,Automática,Gasolina
2018.0,11600.0,61300.0,Mecánica,Otros
2024.0,39000.0,46951.0,Automática - Secuencial,Gasolina
2017.0,23700.0,126000.0,Automática,Otros
2023.0,9100.0,87000.0,Mecánica,Otros
2020.0,13800.0,39850.0,Automática,Otros
2020.0,31000.0,26000.0,Automática - Secuencial,Gasolina
2012.0,11000.0,140000.0,Automática,Gasolina
2023.0,38900.0,20000.0,Automática - Secuencial,Gasolina
2010.0,12900.0,90700.0,Automática - Secuencial,Gasolina
2021.0,23490.0,36150.0,Automática - Secuencial,Gasolina
2023.0,28200.0,22300.0,Automática,Gasolina
2022.0,40900.0,46500.0,Automática - Secuencial,Gasolina
2017.0,18500.0,87800.0,Automática - Secuencial,Gasolina
2022.0,38999.0,63000.0,Automática,Gasolina
2023.0,13000.0,40000.0,Mecánica,Otros
2020.0,22000.0,60000.0,Automática,Gasolina
2026.0,15850.0,7700.0,Mecánica,Gasolina
2017.0,13500.0,92500.0,Automática - Secuencial,Gasolina
2012.0,18900.0,130900.0,Automática - Secuencial,Gasolina
2018.0,25500.0,51500.0,Automática,Gasolina
2011.0,43000.0,81400.0,Automática,Gasolina
2014.0,12500.0,71700.0,Automática - Secuencial,Gasolina
2019.0,14500.0,41399.0,Mecánica,Gasolina
2023.0,19000.0,20400.0,Automática,Gasolina
2016.0,15500.0,78530.0,Automática - Secuencial,Gasolina
2019.0,33500.0,33900.0,Automática,Gasolina
2012.0,12900.0,126500.0,Mecánica,Gasolina
2022.0,40900.0,19000.0,Automática - Secuencial,Gasolina
2016.0,23000.0,134000.0,Automática,Gasolina
2016.0,13400.0,150000.0,Automática - Secuencial,Gasolina
2024.0,36990.0,37000.0,Automática - Secuencial,Gasolina
2020.0,42000.0,36000.0,Automática - Secuencial,Gasolina
2015.0,15500.0,60078.0,Automática,Gasolina
2017.0,17200.0,80000.0,Automática,Gasolina
2022.0,11500.0,30466.0,Automática,Gasolina
2015.0,16500.0,53000.0,Automática,Gasolina
2014.0,11900.0,127000.0,Mecánica,Gasolina
2020.0,17600.0,65000.0,Automática,Gasolina
2023.0,39000.0,10000.0,Automática - Secuencial,Otros
2013.0,15000.0,92500.0,Automática - Secuencial,Gasolina
2018.0,24500.0,83000.0,Automática - Secuencial,Gasolina
2017.0,17500.0,58500.0,Automática,Gasolina
2015.0,15500.0,120000.0,Automática - Secuencial,Otros
2017.0,33000.0,66000.0,Automática - Secuencial,Otros
2017.0,12000.0,12500.0,Automática - Secuencial,Gasolina
2016.0,21000.0,67500.0,Automática,Gasolina
2023.0,29000.0,83000.0,Mecánica,Otros
2021.0,31500.0,68000.0,Automática - Secuencial,Gasolina
2020.0,22000.0,44900.0,Automática,Gasolina
2013.0,6900.0,64000.0,Mecánica,Gasolina
2020.0,21000.0,65000.0,Automática - Secuencial,Gasolina
2023.0,39000.0,10000.0,Automática - Secuencial,Otros
2022.0,15500.0,39000.0,Mecánica,Gasolina
2021.0,22000.0,41162.0,Automática,Gasolina
2019.0,21000.0,59000.0,Automática - Secuencial,Gasolina
2023.0,24800.0,28000.0,Automática - Secuencial,Gasolina
2019.0,16500.0,83000.0,Automática,Gasolina
2014.0,23900.0,76000.0,Automática - Secuencial,Gasolina
2013.0,12500.0,151000.0,Automática - Secuencial,Gasolina
2021.0,24900.0,82000.0,Automática,Gasolina
2018.0,13000.0,62600.0,Mecánica,Gasolina
2018.0,8500.0,62000.0,Automática - Secuencial,Gasolina
2024.0,26900.0,11990.0,Automática,Gasolina
2014.0,28000.0,94000.0,Automática,Gasolina
2017.0,31900.0,27000.0,Automática - Secuencial,Gasolina
2023.0,18700.0,12000.0,Automática - Secuencial,Otros
2021.0,12100.0,53558.0,Automática,Otros
2014.0,15000.0,82000.0,Mecánica,Gasolina
2019.0,17800.0,78000.0,Automática,Gasolina
2024.0,23000.0,12657.0,Automática - Secuencial,Otros
2019.0,22900.0,73500.0,Automática - Secuencial,Gasolina
2016.0,18900.0,70000.0,Automática - Secuencial,Gasolina
2023.0,21300.0,19200.0,Automática,Gasolina
2017.0,26000.0,83000.0,Automática,Gasolina
2015.0,12500.0,122000.0,Automática - Secuencial,Gasolina
2022.0,43900.0,37000.0,Automática - Secuencial,Gasolina
2019.0,20000.0,125000.0,Mecánica,Otros
2025.0,23500.0,30000.0,Automática,Otros
2022.0,31000.0,4500.0,Automática,Gasolina
2014.0,13000.0,67500.0,Automática - Secuencial,Gasolina
2020.0,29000.0,69000.0,Automática - Secuencial,Gasolina
2021.0,35000.0,50500.0,Automática,Gasolina
2020.0,6800.0,105.0,Mecánica,Otros
2017.0,22000.0,62840.0,Automática - Secuencial,Gasolina
2024.0,17900.0,10000.0,Automática - Secuencial,Gasolina
2015.0,42000.0,48000.0,Automática - Secuencial,Gasolina
2020.0,25990.0,31200.0,Automática - Secuencial,Gasolina
2014.0,17800.0,92500.0,Automática,Otros
2023.0,38000.0,21500.0,Automática,Gasolina
2026.0,34190.0,1250.0,Automática - Secuencial,Gasolina
2022.0,15990.0,35500.0,Automática,Gasolina
2021.0,30900.0,81000.0,Automática - Secuencial,Gasolina
2010.0,9400.0,125643.0,Automática,Gasolina
2014.0,9500.0,97000.0,Automática,Otros
2017.0,20500.0,62000.0,Automática - Secuencial,Gasolina
2020.0,11500.0,35765.0,Mecánica,Gasolina
2024.0,12900.0,400.0,Mecánica,Otros
2017.0,29990.0,58600.0,Automática - Secuencial,Gasolina
2026.0,35500.0,1500.0,Automática - Secuencial,Gasolina
2024.0,24990.0,14221.0,Mecánica,Otros
2015.0,15500.0,78000.0,Automática - Secuencial,Gasolina
2023.0,13300.0,73000.0,Mecánica,Otros
2021.0,15500.0,78000.0,Automática,Otros
2013.0,16000.0,130500.0,Automática - Secuencial,Gasolina
2017.0,18300.0,51571.0,Automática - Secuencial,Gasolina
2017.0,21500.0,96254.0,Automática,Gasolina
2019.0,13500.0,79982.0,Mecánica,Gasolina
2019.0,14800.0,27000.0,Mecánica,Gasolina
2023.0,33500.0,31000.0,Automática - Secuencial,Gasolina
2018.0,18800.0,51800.0,Automática - Secuencial,Otros
2025.0,33000.0,3250.0,Automática,Gasolina
2010.0,25900.0,56000.0,Automática - Secuencial,Gasolina
2022.0,13600.0,41000.0,Mecánica,Gasolina
2014.0,13900.0,74000.0,Automática - Secuencial,Otros
2014.0,7500.0,35000.0,Mecánica,Gasolina
2015.0,15300.0,82000.0,Automática,Gasolina
2010.0,20000.0,103000.0,Automática,Gasolina
2024.0,12290.0,27000.0,Mecánica,Gasolina
2024.0,16600.0,3000.0,Automática - Secuencial,Gasolina
2014.0,11000.0,79000.0,Automática - Secuencial,Gasolina
2018.0,25000.0,1000.0,Mecánica,Gasolina
2017.0,19800.0,20500.0,Automática - Secuencial,Gasolina
2009.0,8500.0,76000.0,Mecánica,Gasolina
2014.0,14990.0,92765.0,Automática - Secuencial,Gasolina
2017.0,25000.0,90000.0,Automática,Gasolina
2023.0,28390.0,38000.0,Automática - Secuencial,Gasolina
2016.0,11900.0,37000.0,Automática,Gasolina
2022.0,17000.0,33000.0,Mecánica,Gasolina
2022.0,40500.0,20900.0,Automática - Secuencial,Gasolina
2023.0,16300.0,60000.0,Mecánica,Otros
2012.0,8800.0,124000.0,Automática,Otros
2016.0,17000.0,41000.0,Automática,Gasolina
2018.0,28900.0,69000.0,Automática - Secuencial,Gasolina
2024.0,35000.0,9000.0,Automática - Secuencial,Otros
2016.0,14000.0,89200.0,Automática - Secuencial,Gasolina
2018.0,19900.0,63000.0,Automática - Secuencial,Gasolina
2023.0,27500.0,25500.0,Automática,Gasolina
2025.0,12000.0,35000.0,Mecánica,Otros
2016.0,10700.0,78000.0,Automática - Secuencial,Otros
2014.0,12900.0,110000.0,Automática - Secuencial,Gasolina
2010.0,8900.0,96000.0,Automática - Secuencial,Gasolina
2026.0,37300.0,5300.0,Automática - Secuencial,Gasolina
2018.0,28900.0,59500.0,Automática - Secuencial,Gasolina
2017.0,8200.0,60000.0,Mecánica,Gasolina
2023.0,21000.0,22500.0,Automática,Gasolina
2022.0,12500.0,58500.0,Automática,Gasolina
2022.0,12500.0,31000.0,Mecánica,Gasolina
2022.0,13200.0,32700.0,Automática - Secuencial,Gasolina
2023.0,37000.0,34593.0,Automática,Gasolina
2018.0,22500.0,18000.0,Automática - Secuencial,Gasolina
2023.0,23000.0,33500.0,Automática,Gasolina
2017.0,21900.0,70000.0,Automática - Secuencial,Gasolina
2018.0,11500.0,77000.0,Automática - Secuencial,Gasolina
2012.0,11500.0,87000.0,Automática - Secuencial,Gasolina
2023.0,25360.0,9000.0,Mecánica,Otros
2012.0,9700.0,10411.0,Mecánica,Gasolina
2015.0,13000.0,150000.0,Automática,Gasolina
2012.0,16900.0,69000.0,Automática - Secuencial,Gasolina
2017.0,12900.0,45000.0,Automática - Secuencial,Gasolina
2016.0,8500.0,100000.0,Mecánica,Otros
2023.0,16500.0,60000.0,Automática - Secuencial,Gasolina
2014.0,12499.0,58930.0,Automática,Gasolina
2020.0,21000.0,49000.0,Automática - Secuencial,Gasolina
2022.0,16000.0,26689.0,Mecánica,Gasolina
2023.0,24900.0,21600.0,Automática - Secuencial,Gasolina
2016.0,19000.0,88000.0,Automática - Secuencial,Gasolina
2013.0,13000.0,96000.0,Automática - Secuencial,Gasolina
2024.0,17500.0,62000.0,Mecánica,Gasolina
2026.0,26000.0,2600.0,Automática,Gasolina
2018.0,14800.0,78000.0,Mecánica,Gasolina
2019.0,11500.0,42582.0,Mecánica,Otros
2014.0,20500.0,111500.0,Automática - Secuencial,Otros
2024.0,20500.0,28000.0,Automática - Secuencial,Gasolina
2019.0,15900.0,120000.0,Mecánica,Gasolina
2017.0,9400.0,91000.0,Automática,Gasolina
2019.0,10360.0,84400.0,Mecánica,Otros
2016.0,33900.0,93121.0,Automática - Secuencial,Gasolina
2011.0,12000.0,114500.0,Automática,Gasolina
2016.0,20500.0,70000.0,Automática - Secuencial,Gasolina
2023.0,14500.0,44000.0,Mecánica,Gasolina
2016.0,30000.0,29500.0,Automática,Gasolina
2025.0,33000.0,2750.0,Mecánica,Otros
2017.0,27000.0,58000.0,Automática,Gasolina
2019.0,30500.0,44090.0,Mecánica,Gasolina
2014.0,12300.0,63350.0,Automática - Secuencial,Gasolina
2017.0,15500.0,19200.0,Automática - Secuencial,Gasolina
2016.0,18000.0,96000.0,Automática - Secuencial,Gasolina
2015.0,42000.0,57400.0,Automática - Secuencial,Gasolina
2022.0,36000.0,18000.0,Automática,Gasolina
2024.0,14500.0,60000.0,Mecánica,Otros
2024.0,10600.0,35000.0,Mecánica,Otros
2010.0,9990.0,86750.0,Automática,Otros
2020.0,22900.0,70000.0,Automática,Gasolina
2013.0,11100.0,92000.0,Automática - Secuencial,Gasolina
2014.0,15000.0,78.0,Mecánica,Gasolina
2016.0,21000.0,82000.0,Automática,Gasolina
2016.0,15400.0,93000.0,Automática,Gasolina
2009.0,9200.0,143500.0,Automática,Gasolina
2016.0,11500.0,96860.0,Mecánica,Otros
2018.0,19800.0,7500.0,Automática - Secuencial,Gasolina
2014.0,14000.0,146000.0,Automática,Gasolina
2014.0,10500.0,66000.0,Mecánica,Gasolina
2017.0,16900.0,78411.0,Automática,Gasolina
2015.0,16000.0,100000.0,Automática - Secuencial,Gasolina
2015.0,24900.0,110000.0,Automática,Gasolina
2015.0,12500.0,75000.0,Automática,Gasolina
2018.0,15900.0,73211.0,Automática,Gasolina
2022.0,16800.0,64500.0,Automática,Gasolina
2014.0,11800.0,44000.0,Automática,Gasolina
2023.0,31500.0,950.0,Automática - Secuencial,Gasolina
2022.0,12000.0,36500.0,Automática - Secuencial,Otros
2014.0,14500.0,104649.0,Automática - Secuencial,Gasolina
2023.0,32990.0,24202.0,Automática,Gasolina
2014.0,13900.0,61900.0,Automática - Secuencial,Gasolina
2021.0,35000.0,58700.0,Automática - Secuencial,Gasolina
2022.0,21890.0,25500.0,Automática,Gasolina
2020.0,23890.0,97200.0,Automática,Gasolina
2019.0,30500.0,54700.0,Automática - Secuencial,Gasolina
2017.0,31900.0,58000.0,Automática - Secuencial,Gasolina
2023.0,39490.0,28400.0,Automática - Secuencial,Gasolina
2022.0,28890.0,16400.0,Automática,Gasolina
2018.0,29990.0,40300.0,Automática,Gasolina
2022.0,37250.0,50000.0,Automática - Secuencial,Gasolina
2016.0,29990.0,113800.0,Automática - Secuencial,Gasolina
2015.0,45000.0,65600.0,Automática - Secuencial,Gasolina
2017.0,20490.0,107600.0,Automática,Gasolina
2019.0,35990.0,52400.0,Automática - Secuencial,Gasolina
2013.0,25900.0,41200.0,Automática - Secuencial,Gasolina
2022.0,27500.0,39000.0,Automática - Secuencial,Gasolina
2018.0,10500.0,81000.0,Mecánica,Gasolina
2016.0,16500.0,49500.0,Automática,Gasolina
2018.0,27000.0,70000.0,Automática,Gasolina
2015.0,13500.0,136000.0,Automática - Secuencial,Gasolina
2022.0,18500.0,50000.0,Automática - Secuencial,Gasolina
2022.0,32500.0,49900.0,Automática - Secuencial,Gasolina
2023.0,16000.0,14440.0,Mecánica,Gasolina
2012.0,13000.0,110000.0,Automática - Secuencial,Gasolina
2016.0,9500.0,128000.0,Mecánica,Gasolina
2014.0,9500.0,116000.0,Mecánica,Gasolina
2022.0,13300.0,42000.0,Mecánica,Otros
2022.0,21500.0,66775.0,Automática,Gasolina
2023.0,23800.0,25000.0,Mecánica,Otros
2010.0,9750.0,82600.0,Automática,Gasolina
2023.0,16300.0,32000.0,Automática,Gasolina
2023.0,36990.0,14000.0,Automática - Secuencial,Gasolina
2024.0,23900.0,26800.0,Automática - Secuencial,Gasolina
2023.0,29000.0,31000.0,Mecánica,Otros
2024.0,13500.0,50000.0,Automática - Secuencial,Otros
2013.0,20300.0,88439.0,Automática,Gasolina
2022.0,23490.0,32800.0,Automática - Secuencial,Gasolina
2025.0,32900.0,10500.0,Automática - Secuencial,Gasolina
2024.0,26950.0,80000.0,Mecánica,Otros
2014.0,12900.0,124000.0,Automática,Gasolina
2014.0,8300.0,42000.0,Mecánica,Gasolina
2018.0,35800.0,62200.0,Automática - Secuencial,Gasolina
2015.0,21500.0,57000.0,Automática - Secuencial,Gasolina
2017.0,17500.0,63000.0,Automática,Gasolina
2013.0,12000.0,95000.0,Automática - Secuencial,Gasolina
2023.0,14900.0,43000.0,Automática,Gasolina
2023.0,17200.0,18500.0,Automática,Gasolina
2023.0,23000.0,35000.0,Automática,Gasolina
2016.0,13999.0,79890.0,Automática,Gasolina
2018.0,25900.0,52767.0,Automática - Secuencial,Gasolina
2019.0,24500.0,80000.0,Automática - Secuencial,Gasolina
2015.0,12700.0,82000.0,Automática - Secuencial,Gasolina
2022.0,16900.0,60000.0,Automática,Gasolina
2017.0,11500.0,80000.0,Automática - Secuencial,Gasolina
2015.0,11300.0,94000.0,Automática - Secuencial,Gasolina
2012.0,9400.0,83250.0,Mecánica,Gasolina
2015.0,13800.0,104000.0,Automática - Secuencial,Gasolina
2024.0,16500.0,7250.0,Automática - Secuencial,Gasolina
2021.0,29520.0,96161.0,Mecánica,Otros
2022.0,16900.0,43666.0,Automática,Otros
2021.0,19400.0,53000.0,Automática,Otros
2017.0,19500.0,105000.0,Automática - Secuencial,Gasolina
2022.0,43800.0,35000.0,Automática - Secuencial,Gasolina
2017.0,13290.0,84000.0,Mecánica,Gasolina
2011.0,15900.0,40700.0,Automática - Secuencial,Gasolina
2025.0,26000.0,1800.0,Automática - Secuencial,Otros
2019.0,25000.0,45245.0,Automática - Secuencial,Gasolina
2020.0,22000.0,73000.0,Automática,Gasolina
2020.0,24500.0,38185.0,Automática,Gasolina
2013.0,8500.0,100000.0,Mecánica,Gasolina
2014.0,16500.0,125700.0,Mecánica,Otros
2007.0,6950.0,89500.0,Automática,Gasolina
2026.0,33000.0,7600.0,Automática - Secuencial,Gasolina
2016.0,21000.0,91000.0,Automática,Gasolina
2015.0,14000.0,69555.0,Automática - Secuencial,Gasolina
2022.0,25900.0,47500.0,Automática - Secuencial,Gasolina
2022.0,15000.0,34000.0,Automática,Gasolina
2023.0,22500.0,7900.0,Automática - Secuencial,Gasolina
2022.0,19000.0,39000.0,Automática - Secuencial,Otros
2014.0,15500.0,88230.0,Automática,Gasolina
2023.0,36800.0,16500.0,Automática,Gasolina
2022.0,12850.0,80000.0,Mecánica,Otros
2015.0,30000.0,48000.0,Automática - Secuencial,Otros
2017.0,25500.0,70000.0,Automática - Secuencial,Gasolina
2024.0,22000.0,13000.0,Automática - Secuencial,Gasolina
2023.0,9899.0,70000.0,Mecánica,Gasolina
2019.0,19500.0,85000.0,Automática - Secuencial,Gasolina
2024.0,14900.0,6000.0,Automática,Gasolina
2023.0,17500.0,30500.0,Automática,Gasolina
2008.0,7000.0,123000.0,Automática - Secuencial,Gasolina
2026.0,21900.0,700.0,Automática,Gasolina
2021.0,24000.0,49000.0,Automática - Secuencial,Gasolina
2022.0,43800.0,35000.0,Automática - Secuencial,Gasolina
2017.0,27900.0,79000.0,Automática - Secuencial,Gasolina
2020.0,27000.0,14400.0,Automática - Secuencial,Gasolina
2023.0,17990.0,33500.0,Automática - Secuencial,Gasolina
2021.0,11350.0,38221.0,Mecánica,Otros
2017.0,8650.0,57000.0,Automática,Gasolina
2014.0,19900.0,152000.0,Automática - Secuencial,Gasolina
2021.0,10500.0,75000.0,Mecánica,Otros
2017.0,18900.0,60400.0,Automática - Secuencial,Gasolina
2020.0,21000.0,33000.0,Automática,Gasolina
2017.0,17500.0,71000.0,Automática - Secuencial,Gasolina
2018.0,28900.0,35000.0,Automática - Secuencial,Gasolina
2013.0,9400.0,103000.0,Automática - Secuencial,Otros
2020.0,19000.0,51000.0,Automática - Secuencial,Gasolina
2018.0,21900.0,15463.0,Automática - Secuencial,Gasolina
2016.0,18000.0,65000.0,Automática - Secuencial,Gasolina
2022.0,9600.0,24197.0,Mecánica,Gasolina
2018.0,24800.0,62300.0,Automática - Secuencial,Gasolina
2023.0,16700.0,40140.0,Mecánica,Otros
2010.0,8500.0,90000.0,Automática,Gasolina
2024.0,20800.0,43800.0,Automática - Secuencial,Gasolina
2014.0,16500.0,47000.0,Automática - Secuencial,Gasolina
2015.0,11999.0,120000.0,Automática - Secuencial,Gasolina
2021.0,13990.0,63800.0,Automática - Secuencial,Gasolina
2015.0,11700.0,91000.0,Mecánica,Gasolina
2022.0,19000.0,29000.0,Automática,Gasolina
2012.0,12600.0,134500.0,Automática,Gasolina
2016.0,11700.0,16567.0,Mecánica,Gasolina
2020.0,11800.0,52000.0,Mecánica,Gasolina
2015.0,33000.0,76000.0,Automática - Secuencial,Gasolina
2016.0,20000.0,23000.0,Automática - Secuencial,Gasolina
2015.0,9000.0,84578.0,Mecánica,Gasolina
2023.0,30900.0,23000.0,Automática - Secuencial,Gasolina
2015.0,15000.0,98000.0,Automática - Secuencial,Gasolina
2019.0,21300.0,18000.0,Automática - Secuencial,Gasolina
2019.0,18900.0,24000.0,Automática - Secuencial,Gasolina
2021.0,9900.0,69400.0,Mecánica,Gasolina
2019.0,36500.0,22000.0,Automática - Secuencial,Otros
2023.0,37300.0,13500.0,Automática,Gasolina
2022.0,17900.0,43000.0,Automática,Gasolina
2020.0,11900.0,44500.0,Mecánica,Gasolina
2023.0,19900.0,600.0,Automática - Secuencial,Otros
2015.0,13500.0,32600.0,Automática - Secuencial,Gasolina
2016.0,12800.0,70000.0,Mecánica,Gasolina
2013.0,9500.0,96000.0,Automática - Secuencial,Gasolina
2018.0,19200.0,63500.0,Automática,Gasolina
2024.0,10300.0,200.0,Mecánica,Gasolina
2023.0,28800.0,68500.0,Mecánica,Otros
2017.0,15500.0,78000.0,Automática - Secuencial,Gasolina
2016.0,15950.0,65000.0,Automática - Secuencial,Gasolina
2023.0,15000.0,49000.0,Mecánica,Otros
2013.0,12000.0,46000.0,Automática,Gasolina
2023.0,16999.0,17000.0,Automática,Gasolina
2016.0,14000.0,105100.0,Automática,Gasolina
2022.0,28900.0,18600.0,Automática - Secuencial,Gasolina
2023.0,37500.0,35000.0,Automática - Secuencial,Gasolina
2015.0,14500.0,84200.0,Automática - Secuencial,Gasolina
2016.0,13500.0,46000.0,Mecánica,Gasolina
2023.0,16900.0,16000.0,Automática,Gasolina
2017.0,23900.0,53000.0,Automática - Secuencial,Gasolina
2016.0,21000.0,90000.0,Automática - Secuencial,Gasolina
2020.0,28000.0,46000.0,Automática - Secuencial,Gasolina
2018.0,20500.0,43000.0,Automática,Gasolina
2008.0,8900.0,118979.0,Automática,Gasolina
2023.0,30000.0,55000.0,Automática - Secuencial,Gasolina
2023.0,22000.0,19000.0,Automática,Gasolina
2022.0,10800.0,70000.0,Automática,Otros
2023.0,17000.0,50000.0,Mecánica,Gasolina
2023.0,21500.0,34000.0,Automática - Secuencial,Gasolina
2018.0,13500.0,79500.0,Automática - Secuencial,Gasolina
2018.0,18500.0,60838.0,Automática - Secuencial,Gasolina
2019.0,13000.0,63500.0,Mecánica,Gasolina
2020.0,15850.0,51500.0,Automática - Secuencial,Gasolina
2012.0,13000.0,75250.0,Automática,Gasolina
2021.0,23800.0,65000.0,Automática - Secuencial,Gasolina
2020.0,18000.0,27800.0,Automática - Secuencial,Gasolina
2021.0,27000.0,21900.0,Automática - Secuencial,Gasolina
2023.0,21000.0,13212.0,Automática,Gasolina
2016.0,9600.0,91686.0,Mecánica,Otros
2023.0,26500.0,31175.0,Automática,Gasolina
2014.0,10700.0,163500.0,Automática,Otros
2022.0,18700.0,13000.0,Mecánica,Gasolina
2017.0,20500.0,103000.0,Automática - Secuencial,Gasolina
2016.0,34900.0,46500.0,Automática,Gasolina
2020.0,21000.0,85000.0,Mecánica,Otros
2013.0,16800.0,93000.0,Automática - Secuencial,Gasolina
2012.0,11000.0,104000.0,Automática - Secuencial,Gasolina
2018.0,23500.0,45000.0,Automática - Secuencial,Gasolina
2019.0,13800.0,53000.0,Automática - Secuencial,Gasolina
2019.0,23000.0,35000.0,Automática - Secuencial,Gasolina
2015.0,16000.0,148500.0,Automática - Secuencial,Gasolina
2021.0,27500.0,53611.0,Automática,Gasolina
2016.0,16370.0,51641.0,Mecánica,Gasolina
2023.0,15500.0,17200.0,Mecánica,Gasolina
2010.0,5000.0,89590.0,Mecánica,Gasolina
2025.0,22900.0,6200.0,Automática - Secuencial,Gasolina
2014.0,31000.0,153000.0,Automática,Gasolina
2018.0,15500.0,92000.0,Automática - Secuencial,Gasolina
2025.0,26000.0,2500.0,Automática,Otros
2018.0,14500.0,144500.0,Automática - Secuencial,Gasolina
2013.0,9400.0,62000.0,Mecánica,Gasolina
2014.0,11500.0,130000.0,Automática,Otros
2015.0,15900.0,82000.0,Automática - Secuencial,Gasolina
2017.0,16000.0,59155.0,Automática,Gasolina
2011.0,10000.0,120000.0,Automática - Secuencial,Gasolina
2013.0,10900.0,97000.0,Mecánica,Gasolina
2017.0,11900.0,79000.0,Automática - Secuencial,Gasolina
2017.0,16900.0,125000.0,Automática - Secuencial,Gasolina
2024.0,16900.0,7100.0,Automática,Gasolina
2014.0,13000.0,88700.0,Automática,Gasolina
2023.0,14000.0,39000.0,Mecánica,Otros
2017.0,12900.0,32000.0,Mecánica,Gasolina
2021.0,18300.0,23000.0,Automática - Secuencial,Gasolina
2019.0,40000.0,65000.0,Automática - Secuencial,Gasolina
2019.0,15000.0,79000.0,Automática,Gasolina
2021.0,16500.0,91665.0,Mecánica,Gasolina
2024.0,18450.0,1100.0,Automática - Secuencial,Gasolina
2010.0,7000.0,155000.0,Mecánica,Otros
2018.0,15900.0,92000.0,Automática,Gasolina
2011.0,20000.0,109978.0,Automática,Gasolina
2016.0,17000.0,80000.0,Automática,Gasolina
2016.0,15900.0,76000.0,Automática - Secuencial,Gasolina
2022.0,42500.0,53348.0,Automática - Secuencial,Otros
2025.0,25900.0,2000.0,Automática,Gasolina
2021.0,12600.0,53200.0,Mecánica,Otros
2023.0,20900.0,92000.0,Automática - Secuencial,Otros
2015.0,12900.0,86000.0,Automática - Secuencial,Gasolina
2026.0,22000.0,4400.0,Automática - Secuencial,Gasolina
2023.0,18500.0,32000.0,Automática - Secuencial,Otros
2015.0,15900.0,85000.0,Automática - Secuencial,Gasolina
2023.0,32400.0,55000.0,Mecánica,Otros
2019.0,18500.0,62000.0,Automática - Secuencial,Gasolina
2017.0,24000.0,102000.0,Automática - Secuencial,Gasolina
2023.0,10200.0,75000.0,Mecánica,Otros
2018.0,9999.0,130000.0,Automática,Otros
2022.0,21000.0,105000.0,Automática - Secuencial,Gasolina
2019.0,19800.0,24000.0,Automática - Secuencial,Gasolina
2022.0,20500.0,44000.0,Automática - Secuencial,Gasolina
2018.0,20900.0,67000.0,Automática,Otros
2022.0,19400.0,45000.0,Automática,Gasolina
2024.0,40900.0,11300.0,Automática - Secuencial,Gasolina
2022.0,21900.0,94600.0,Automática - Secuencial,Gasolina
2018.0,19000.0,56000.0,Automática - Secuencial,Gasolina
2016.0,14800.0,93000.0,Mecánica,Gasolina
2022.0,18950.0,38000.0,Automática - Secuencial,Otros
2017.0,17900.0,75000.0,Automática - Secuencial,Gasolina
2023.0,33900.0,39000.0,Automática - Secuencial,Gasolina
2025.0,23000.0,31000.0,Automática,Gasolina
2014.0,11800.0,126339.0,Mecánica,Gasolina
2016.0,15999.0,100.0,Automática - Secuencial,Gasolina
2019.0,17950.0,47000.0,Automática - Secuencial,Otros
2017.0,13900.0,96000.0,Automática,Gasolina
2023.0,30000.0,70581.0,Mecánica,Otros
2008.0,8500.0,163946.0,Automática - Secuencial,Otros
2020.0,14000.0,112000.0,Mecánica,Otros
2018.0,23900.0,53900.0,Automática - Secuencial,Gasolina
2021.0,6800.0,80000.0,Mecánica,Otros
2021.0,29900.0,62000.0,Automática - Secuencial,Gasolina
2010.0,9500.0,148000.0,Automática - Secuencial,Gasolina
2023.0,27500.0,17000.0,Automática - Secuencial,Gasolina
2014.0,11900.0,132960.0,Mecánica,Gasolina
2018.0,13500.0,61000.0,Automática - Secuencial,Gasolina
2019.0,14500.0,61400.0,Automática - Secuencial,Gasolina
2018.0,6000.0,139000.0,Mecánica,Otros
2018.0,15700.0,150000.0,Mecánica,Otros
2015.0,10300.0,7500.0,Mecánica,Gasolina
2013.0,14500.0,125000.0,Automática - Secuencial,Gasolina
2017.0,34900.0,98169.0,Automática - Secuencial,Gasolina
2020.0,36000.0,63000.0,Automática - Secuencial,Gasolina
2018.0,16200.0,88571.0,Automática - Secuencial,Gasolina
2020.0,7500.0,63000.0,Mecánica,Gasolina
2018.0,42000.0,31000.0,Automática - Secuencial,Gasolina
2019.0,33900.0,28000.0,Automática - Secuencial,Gasolina
2014.0,14000.0,30600.0,Automática - Secuencial,Gasolina
2017.0,17500.0,46000.0,Automática - Secuencial,Gasolina
2015.0,27000.0,38000.0,Automática - Secuencial,Gasolina
2016.0,12000.0,30650.0,Mecánica,Gasolina
2012.0,13000.0,105000.0,Automática - Secuencial,Otros
2017.0,13900.0,80000.0,Automática - Secuencial,Gasolina
2023.0,15400.0,50000.0,Mecánica,Gasolina
2014.0,12900.0,60000.0,Automática - Secuencial,Gasolina
2016.0,18000.0,38000.0,Automática - Secuencial,Gasolina
2024.0,11200.0,27000.0,Automática - Secuencial,Gasolina
2019.0,20300.0,39400.0,Automática - Secuencial,Gasolina
2024.0,27000.0,11000.0,Automática - Secuencial,Gasolina
2014.0,11200.0,111500.0,Automática,Gasolina
2017.0,18300.0,86000.0,Automática - Secuencial,Gasolina
2020.0,25600.0,50608.0,Automática - Secuencial,Gasolina
2023.0,42000.0,45000.0,Automática,Gasolina
2013.0,10200.0,71789.0,Automática - Secuencial,Gasolina
2014.0,14200.0,92500.0,Automática,Gasolina
2015.0,21500.0,86500.0,Automática - Secuencial,Gasolina
2013.0,11500.0,93605.0,Automática - Secuencial,Gasolina
2022.0,27800.0,37000.0,Automática,Gasolina
2022.0,16300.0,64500.0,Automática - Secuencial,Gasolina
2016.0,10000.0,78000.0,Mecánica,Otros
2020.0,14800.0,47200.0,Mecánica,Gasolina
2019.0,12000.0,79000.0,Automática,Gasolina
2013.0,10000.0,122000.0,Automática - Secuencial,Otros
2009.0,9700.0,97500.0,Automática,Gasolina
2021.0,9800.0,80000.0,Mecánica,Otros
2022.0,31000.0,41100.0,Automática,Gasolina
2017.0,17500.0,130455.0,Mecánica,Otros
2019.0,18400.0,42800.0,Automática - Secuencial,Gasolina
2020.0,15500.0,27500.0,Automática,Gasolina
2024.0,36400.0,13200.0,Automática - Secuencial,Otros
2023.0,18700.0,5500.0,Automática,Gasolina
2013.0,9900.0,200.0,Automática - Secuencial,Gasolina
2021.0,24000.0,76000.0,Automática - Secuencial,Otros
2014.0,10000.0,150000.0,Mecánica,Otros
2015.0,18000.0,132000.0,Automática,Otros
2022.0,17000.0,56100.0,Mecánica,Otros
2024.0,11500.0,29000.0,Mecánica,Gasolina
2025.0,24400.0,24000.0,Automática - Secuencial,Gasolina
2019.0,19500.0,31000.0,Automática,Gasolina
2018.0,16000.0,61000.0,Automática - Secuencial,Gasolina
2010.0,10000.0,148000.0,Automática,Gasolina
2020.0,14900.0,126500.0,Automática,Gasolina
2015.0,13500.0,97000.0,Automática - Secuencial,Gasolina
2008.0,12800.0,42000.0,Automática - Secuencial,Gasolina
2021.0,19000.0,57000.0,Automática - Secuencial,Gasolina
2020.0,21000.0,55000.0,Automática - Secuencial,Gasolina
2015.0,22000.0,80000.0,Automática - Secuencial,Gasolina
2023.0,19500.0,40500.0,Mecánica,Otros
2022.0,11000.0,35500.0,Mecánica,Gasolina
2014.0,10000.0,81000.0,Automática,Gasolina
2023.0,13600.0,41000.0,Mecánica,Otros
2017.0,11900.0,98000.0,Automática - Secuencial,Gasolina
2024.0,31490.0,20200.0,Automática,Gasolina
2022.0,34500.0,16400.0,Automática,Gasolina
2016.0,14000.0,85000.0,Automática,Gasolina
2013.0,15000.0,119000.0,Automática - Secuencial,Gasolina
2023.0,23800.0,16000.0,Automática - Secuencial,Gasolina
2019.0,15100.0,42000.0,Automática - Secuencial,Gasolina
2025.0,10000.0,44000.0,Mecánica,Otros
2023.0,18000.0,52550.0,Automática - Secuencial,Gasolina
2024.0,22300.0,18600.0,Automática,Gasolina
2010.0,9800.0,62000.0,Automática,Gasolina
2008.0,14300.0,75000.0,Mecánica,Otros
2013.0,25900.0,63000.0,Mecánica,Gasolina
2014.0,21990.0,76000.0,Automática - Secuencial,Gasolina
2020.0,13000.0,74800.0,Mecánica,Otros
2015.0,16750.0,84000.0,Automática - Secuencial,Gasolina
2025.0,12500.0,11000.0,Mecánica,Otros
2011.0,2400.0,144385.0,Mecánica,Gasolina
2022.0,12000.0,14000.0,Automática - Secuencial,Gasolina
2013.0,31000.0,121.0,Automática - Secuencial,Gasolina
2015.0,27000.0,38700.0,Automática - Secuencial,Gasolina
2022.0,10200.0,70000.0,Mecánica,Otros
2015.0,7500.0,149000.0,Mecánica,Gasolina
2023.0,15500.0,38700.0,Automática - Secuencial,Gasolina
2020.0,11000.0,88169.0,Mecánica,Otros
2009.0,10000.0,94300.0,Automática,Otros
2015.0,24000.0,135000.0,Automática - Secuencial,Gasolina
2021.0,13600.0,43000.0,Mecánica,Otros
2023.0,29300.0,36000.0,Automática - Secuencial,Gasolina
2010.0,12500.0,97500.0,Automática - Secuencial,Gasolina
2018.0,23500.0,135000.0,Automática - Secuencial,Gasolina
2012.0,8500.0,55000.0,Automática - Secuencial,Gasolina
2010.0,8200.0,162500.0,Automática,Gasolina
2016.0,16500.0,115000.0,Automática - Secuencial,Otros
2013.0,10500.0,139000.0,Automática,Gasolina
2008.0,8900.0,123000.0,Automática - Secuencial,Gasolina
2015.0,10000.0,54414.0,Automática,Gasolina
2011.0,11000.0,96000.0,Automática - Secuencial,Gasolina
2019.0,31800.0,91000.0,Automática - Secuencial,Gasolina
2018.0,15899.0,56500.0,Automática - Secuencial,Gasolina
2016.0,17000.0,85000.0,Automática - Secuencial,Gasolina
2015.0,14500.0,91000.0,Automática - Secuencial,Gasolina
2024.0,15000.0,2400.0,Automática - Secuencial,Gasolina
2020.0,17300.0,88000.0,Automática - Secuencial,Gasolina
2017.0,21500.0,57000.0,Automática - Secuencial,Gasolina
2020.0,19000.0,24000.0,Automática,Gasolina
2022.0,41500.0,30400.0,Mecánica,Otros
2019.0,20500.0,104300.0,Automática,Gasolina
2019.0,43000.0,100000.0,Automática - Secuencial,Gasolina
2012.0,7000.0,150000.0,Mecánica,Gasolina
2023.0,16900.0,55000.0,Mecánica,Otros
2023.0,10900.0,59000.0,Mecánica,Otros
2011.0,10500.0,92400.0,Automática - Secuencial,Gasolina
2017.0,20000.0,34000.0,Automática - Secuencial,Gasolina
2014.0,12900.0,61700.0,Automática,Gasolina
2025.0,19500.0,8000.0,Automática,Gasolina
2009.0,5300.0,85000.0,Mecánica,Gasolina
2021.0,23000.0,56000.0,Automática - Secuencial,Gasolina
2025.0,12000.0,44500.0,Mecánica,Otros
2017.0,16900.0,63000.0,Automática - Secuencial,Gasolina
2024.0,26500.0,30300.0,Automática - Secuencial,Gasolina
2014.0,13500.0,96000.0,Mecánica,Gasolina
2023.0,43500.0,28500.0,Automática,Otros
2019.0,19900.0,20000.0,Automática,Gasolina
2022.0,25500.0,81000.0,Mecánica,Otros
2012.0,10400.0,82000.0,Automática - Secuencial,Gasolina
2022.0,31500.0,26700.0,Automática - Secuencial,Gasolina
2023.0,26000.0,21345.0,Automática,Gasolina
2016.0,11700.0,96000.0,Automática,Gasolina
2023.0,21200.0,32000.0,Mecánica,Gasolina
2018.0,35000.0,130000.0,Mecánica,Otros
2024.0,37000.0,19700.0,Automática - Secuencial,Otros
2015.0,12500.0,40600.0,Automática - Secuencial,Gasolina
2017.0,17000.0,62000.0,Automática,Gasolina
2020.0,23900.0,35250.0,Automática - Secuencial,Gasolina
2016.0,6000.0,104000.0,Mecánica,Gasolina
2012.0,12500.0,46500.0,Automática,Gasolina
2016.0,15300.0,36400.0,Mecánica,Gasolina
2022.0,17600.0,31000.0,Automática - Secuencial,Gasolina
2017.0,8800.0,123600.0,Automática - Secuencial,Otros
2024.0,14900.0,19500.0,Automática,Otros
2012.0,11000.0,96000.0,Automática,Gasolina
2019.0,22500.0,63000.0,Automática - Secuencial,Gasolina
2018.0,15900.0,90000.0,Automática - Secuencial,Gasolina
2022.0,31500.0,70000.0,Automática,Gasolina
2023.0,10500.0,71800.0,Mecánica,Otros
2024.0,18950.0,12000.0,Automática,Gasolina
2021.0,25300.0,61000.0,Automática,Gasolina
2017.0,24200.0,72000.0,Automática - Secuencial,Gasolina
2010.0,9300.0,149161.0,Mecánica,Otros
2013.0,10000.0,125000.0,Mecánica,Gasolina
2018.0,21000.0,71500.0,Automática - Secuencial,Gasolina
2016.0,38500.0,46000.0,Automática - Secuencial,Gasolina
2015.0,14000.0,45000.0,Mecánica,Gasolina
2015.0,15000.0,77000.0,Automática - Secuencial,Gasolina
2017.0,9250.0,119000.0,Mecánica,Gasolina
2024.0,38300.0,7853.0,Automática - Secuencial,Gasolina
2015.0,18500.0,86000.0,Automática - Secuencial,Gasolina
2024.0,20550.0,25543.0,Automática - Secuencial,Gasolina
2023.0,15800.0,25200.0,Mecánica,Gasolina
2019.0,23800.0,77200.0,Automática - Secuencial,Gasolina
2012.0,8450.0,113000.0,Mecánica,Otros
2016.0,5200.0,143000.0,Mecánica,Otros
2017.0,25499.0,72500.0,Automática - Secuencial,Gasolina
2009.0,6500.0,94500.0,Mecánica,Gasolina
2016.0,11900.0,31000.0,Automática - Secuencial,Gasolina
2024.0,15200.0,6200.0,Automática - Secuencial,Gasolina
2023.0,28000.0,64000.0,Mecánica,Otros
2013.0,14500.0,123000.0,Automática - Secuencial,Gasolina
2015.0,14000.0,88216.0,Automática - Secuencial,Gasolina
2013.0,5950.0,120000.0,Mecánica,Gasolina
2024.0,22000.0,50128.0,Mecánica,Otros
2008.0,15800.0,62000.0,Automática - Secuencial,Gasolina
2024.0,18500.0,190.0,Automática - Secuencial,Gasolina
2026.0,19000.0,12500.0,Automática - Secuencial,Otros
2014.0,10000.0,82000.0,Automática,Gasolina
2025.0,18800.0,10100.0,Automática - Secuencial,Gasolina
2027.0,43990.0,50.0,Mecánica,Otros
2017.0,16900.0,99500.0,Mecánica,Gasolina
2015.0,12400.0,89000.0,Mecánica,Gasolina
2011.0,17000.0,85000.0,Automática,Gasolina
2017.0,16600.0,85800.0,Automática - Secuencial,Gasolina
2013.0,6850.0,123000.0,Mecánica,Otros
2020.0,36000.0,71000.0,Automática - Secuencial,Gasolina
2020.0,10990.0,80000.0,Mecánica,Gasolina
2012.0,12000.0,82000.0,Mecánica,Gasolina
2021.0,9500.0,80000.0,Mecánica,Otros
2008.0,6000.0,146000.0,Automática - Secuencial,Otros
2018.0,15450.0,70000.0,Mecánica,Gasolina
2017.0,17250.0,35000.0,Automática,Gasolina
2011.0,11500.0,156000.0,Automática - Secuencial,Gasolina
2019.0,24000.0,58000.0,Automática - Secuencial,Gasolina
2015.0,14800.0,120000.0,Automática,Otros
2017.0,21500.0,63000.0,Automática - Secuencial,Gasolina
2023.0,12000.0,89000.0,Mecánica,Gasolina
2017.0,17000.0,34400.0,Automática - Secuencial,Gasolina
2022.0,28700.0,46500.0,Automática - Secuencial,Gasolina
2017.0,17700.0,30000.0,Automática,Gasolina
2022.0,24000.0,113000.0,Mecánica,Otros
2018.0,26800.0,41000.0,Automática - Secuencial,Gasolina
2015.0,8900.0,64000.0,Mecánica,Gasolina
2018.0,17000.0,152540.0,Automática,Gasolina
2021.0,12500.0,39000.0,Mecánica,Gasolina
2026.0,41990.0,50.0,Automática,Gasolina
2025.0,40500.0,11000.0,Mecánica,Otros
2023.0,13500.0,65000.0,Mecánica,Gasolina
2015.0,14500.0,100000.0,Automática,Gasolina
2018.0,22900.0,55000.0,Automática - Secuencial,Gasolina
2017.0,14500.0,82000.0,Automática - Secuencial,Gasolina
2011.0,9800.0,98000.0,Automática - Secuencial,Gasolina
2018.0,33000.0,37500.0,Automática - Secuencial,Gasolina
2010.0,8000.0,138500.0,Automática,Otros
2018.0,13000.0,82000.0,Mecánica,Gasolina
2022.0,13850.0,31100.0,Automática,Gasolina
2020.0,16000.0,45000.0,Automática - Secuencial,Gasolina
2017.0,18400.0,64000.0,Automática - Secuencial,Gasolina
2019.0,14800.0,19000.0,Automática,Gasolina
2015.0,9800.0,117700.0,Automática - Secuencial,Gasolina
2025.0,23000.0,5600.0,Automática - Secuencial,Gasolina
2022.0,25500.0,82500.0,Automática - Secuencial,Otros
2017.0,21000.0,74000.0,Automática - Secuencial,Gasolina
2025.0,20900.0,3500.0,Automática,Gasolina
2015.0,14500.0,107000.0,Automática,Gasolina
2012.0,11900.0,106000.0,Automática - Secuencial,Gasolina
2022.0,21950.0,124500.0,Automática,Otros
2019.0,16500.0,98000.0,Automática,Gasolina
2027.0,13500.0,120.0,Mecánica,Otros
2021.0,18500.0,46000.0,Automática,Gasolina
2013.0,7500.0,96000.0,Mecánica,Gasolina
2015.0,15500.0,108000.0,Automática - Secuencial,Gasolina
2019.0,11700.0,63000.0,Automática,Gasolina
2024.0,29000.0,19500.0,Automática - Secuencial,Gasolina
2014.0,12000.0,79000.0,Mecánica,Gasolina
2012.0,8500.0,136000.0,Automática - Secuencial,Otros
2017.0,31000.0,120903.0,Mecánica,Otros
2015.0,14000.0,72780.0,Mecánica,Gasolina
2012.0,10000.0,92500.0,Automática - Secuencial,Gasolina
2021.0,26000.0,24559.0,Automática,Gasolina
2018.0,16000.0,63000.0,Mecánica,Gasolina
2022.0,16500.0,2025.0,Mecánica,Gasolina
2024.0,29500.0,8400.0,Automática - Secuencial,Gasolina
2019.0,14000.0,59104.0,Automática,Gasolina
2021.0,30000.0,89945.0,Mecánica,Gasolina
2015.0,10500.0,96000.0,Automática - Secuencial,Gasolina
2013.0,14500.0,82000.0,Automática,Gasolina
2020.0,18000.0,73000.0,Automática,Otros
2018.0,30000.0,122000.0,Automática,Gasolina
2013.0,11900.0,75602.0,Automática - Secuencial,Gasolina
2023.0,19900.0,19603.0,Automática,Gasolina
2014.0,14000.0,95000.0,Automática - Secuencial,Gasolina
2017.0,22000.0,37600.0,Automática,Gasolina
2017.0,13000.0,56000.0,Automática,Gasolina
2020.0,21900.0,65311.0,Automática,Gasolina
2023.0,13200.0,50000.0,Mecánica,Otros
2023.0,13500.0,43000.0,Mecánica,Gasolina
2021.0,17900.0,29000.0,Automática,Otros
2013.0,10500.0,150000.0,Mecánica,Otros
2011.0,10000.0,121000.0,Automática - Secuencial,Gasolina
2022.0,44500.0,44700.0,Automática - Secuencial,Gasolina
2025.0,24900.0,4800.0,Automática - Secuencial,Gasolina
2010.0,11500.0,150000.0,Automática,Gasolina
2013.0,8500.0,87331.0,Mecánica,Gasolina
2022.0,15743.0,45000.0,Automática,Gasolina
2014.0,13000.0,77000.0,Mecánica,Gasolina
2018.0,31000.0,59500.0,Mecánica,Gasolina
2023.0,38000.0,48500.0,Automática - Secuencial,Gasolina
2024.0,30000.0,17500.0,Automática,Gasolina
2011.0,13500.0,115000.0,Automática - Secuencial,Gasolina
2024.0,21300.0,5990.0,Automática,Otros
2020.0,23000.0,60000.0,Automática - Secuencial,Gasolina
2023.0,11500.0,43000.0,Mecánica,Gasolina
2007.0,7850.0,148000.0,Automática - Secuencial,Gasolina
2011.0,11950.0,41000.0,Mecánica,Gasolina
2020.0,10200.0,80000.0,Mecánica,Otros
2013.0,11000.0,50000.0,Automática,Otros
2024.0,23000.0,8401.0,Automática - Secuencial,Gasolina
2024.0,30000.0,18000.0,Automática,Gasolina
2015.0,12300.0,65000.0,Automática - Secuencial,Gasolina
2018.0,16500.0,122000.0,Automática - Secuencial,Gasolina
2021.0,8000.0,45000.0,Mecánica,Otros
2022.0,20400.0,10000.0,Automática,Gasolina
2012.0,7400.0,166000.0,Mecánica,Otros
2019.0,14900.0,79600.0,Automática,Gasolina
2022.0,13500.0,12340.0,Mecánica,Gasolina
2024.0,20000.0,22700.0,Automática - Secuencial,Gasolina
2015.0,18700.0,10001.0,Automática,Gasolina
2023.0,15600.0,50000.0,Automática - Secuencial,Otros
2025.0,18500.0,8100.0,Mecánica,Gasolina
2013.0,34000.0,92000.0,Automática,Gasolina
2015.0,8200.0,140000.0,Mecánica,Otros
2013.0,6500.0,80000.0,Automática,Gasolina
2023.0,28000.0,16500.0,Automática - Secuencial,Gasolina
2024.0,20490.0,15900.0,Automática - Secuencial,Gasolina
2015.0,11000.0,41160.0,Mecánica,Gasolina
2016.0,8500.0,79102.0,Automática,Gasolina
2016.0,11000.0,61000.0,Mecánica,Otros
2021.0,20600.0,41220.0,Automática,Gasolina
2025.0,36500.0,1077.0,Automática,Gasolina
2021.0,21000.0,12886.0,Automática - Secuencial,Gasolina
2015.0,16800.0,84.0,Automática - Secuencial,Gasolina
2016.0,9700.0,59900.0,Automática,Gasolina
2021.0,15500.0,58000.0,Automática,Gasolina
2021.0,16500.0,77394.0,Mecánica,Otros
2022.0,11000.0,24000.0,Mecánica,Gasolina
2022.0,16950.0,30000.0,Mecánica,Gasolina
2022.0,22600.0,24000.0,Automática - Secuencial,Gasolina
2012.0,9800.0,104000.0,Automática - Secuencial,Gasolina
2018.0,21000.0,68000.0,Automática - Secuencial,Gasolina
2017.0,21000.0,57500.0,Automática - Secuencial,Gasolina
2018.0,13500.0,63921.0,Automática,Gasolina
2018.0,43000.0,87000.0,Automática,Otros
2012.0,12500.0,64400.0,Automática - Secuencial,Gasolina
2013.0,10900.0,163000.0,Automática - Secuencial,Otros
2014.0,12000.0,75000.0,Automática - Secuencial,Gasolina
2026.0,16990.0,500.0,Automática,Otros
2024.0,23999.0,8990.0,Automática,Gasolina
2023.0,36000.0,46000.0,Automática,Gasolina
2022.0,10000.0,46000.0,Automática,Otros
2023.0,14000.0,78000.0,Automática - Secuencial,Gasolina
2022.0,41900.0,35000.0,Automática - Secuencial,Gasolina
2024.0,12400.0,19000.0,Automática,Gasolina
2014.0,8400.0,100800.0,Automática - Secuencial,Gasolina
2024.0,21000.0,50000.0,Automática - Secuencial,Otros
2022.0,24000.0,59500.0,Automática - Secuencial,Gasolina
2023.0,19900.0,17000.0,Automática,Gasolina
2014.0,13800.0,68000.0,Automática - Secuencial,Gasolina
2024.0,21000.0,18200.0,Automática,Gasolina
2024.0,17500.0,19000.0,Automática,Otros
2019.0,25000.0,32000.0,Automática - Secuencial,Gasolina
2024.0,43000.0,29000.0,Automática,Otros
2015.0,16900.0,159000.0,Mecánica,Gasolina
2023.0,43000.0,28631.0,Automática - Secuencial,Gasolina
2020.0,15000.0,66000.0,Automática,Otros
2013.0,14000.0,107000.0,Mecánica,Gasolina
2022.0,10900.0,79000.0,Mecánica,Otros
2010.0,11800.0,133500.0,Automática - Secuencial,Gasolina
2013.0,12300.0,147000.0,Automática,Gasolina
2023.0,14500.0,28000.0,Mecánica,Otros
2013.0,14000.0,141698.0,Mecánica,Otros
2009.0,37500.0,87000.0,Mecánica,Gasolina
2016.0,14500.0,67700.0,Automática,Gasolina
2010.0,9500.0,165000.0,Automática - Secuencial,Otros
2020.0,13500.0,57500.0,Mecánica,Gasolina
2018.0,17000.0,109000.0,Automática,Gasolina
2014.0,7300.0,76000.0,Automática,Gasolina
2016.0,16500.0,21000.0,Automática,Gasolina
2010.0,4900.0,180.0,Mecánica,Gasolina
2021.0,14990.0,80000.0,Mecánica,Otros
2011.0,8500.0,118000.0,Mecánica,Gasolina
2016.0,15500.0,109000.0,Automática - Secuencial,Gasolina
2015.0,10500.0,92000.0,Mecánica,Otros
2008.0,32000.0,83000.0,Automática,Gasolina
2023.0,28900.0,20000.0,Automática,Gasolina
2017.0,8600.0,49500.0,Mecánica,Gasolina
2013.0,17500.0,145000.0,Automática,Gasolina
2016.0,16500.0,50051.0,Mecánica,Gasolina
2017.0,20900.0,64200.0,Automática - Secuencial,Gasolina
2024.0,15900.0,4350.0,Automática - Secuencial,Gasolina
2018.0,12900.0,92000.0,Mecánica,Otros
2012.0,13300.0,82300.0,Automática - Secuencial,Gasolina
2024.0,31000.0,11030.0,Automática,Gasolina
2018.0,19500.0,77000.0,Automática - Secuencial,Gasolina
2015.0,10500.0,73004.0,Automática - Secuencial,Gasolina
2019.0,35000.0,124000.0,Automática - Secuencial,Otros
2025.0,13100.0,3850.0,Automática,Gasolina
2018.0,16850.0,79000.0,Mecánica,Otros
2007.0,9000.0,130000.0,Automática,Gasolina
2011.0,7500.0,84000.0,Automática,Gasolina
2021.0,18000.0,49000.0,Automática - Secuencial,Gasolina
2022.0,17500.0,17500.0,Automática,Gasolina
2019.0,23000.0,88000.0,Automática - Secuencial,Gasolina
2016.0,23750.0,120000.0,Automática - Secuencial,Otros
2015.0,10500.0,40500.0,Mecánica,Gasolina
2011.0,8000.0,72000.0,Automática,Gasolina
2021.0,15500.0,48573.0,Mecánica,Otros
2017.0,31500.0,42000.0,Automática - Secuencial,Gasolina
2024.0,23000.0,21000.0,Automática,Gasolina
2018.0,16900.0,152000.0,Automática,Gasolina
2018.0,13500.0,87000.0,Mecánica,Gasolina
2017.0,37900.0,96000.0,Automática - Secuencial,Otros
2020.0,21500.0,110000.0,Mecánica,Otros
2023.0,19500.0,16000.0,Automática,Gasolina
2015.0,8500.0,97990.0,Automática,Gasolina
2025.0,24900.0,3000.0,Automática - Secuencial,Gasolina
2009.0,12000.0,120000.0,Automática - Secuencial,Otros
2019.0,25000.0,4300.0,Automática - Secuencial,Gasolina
2014.0,7900.0,106000.0,Mecánica,Gasolina
2023.0,18000.0,15500.0,Automática,Gasolina
2024.0,10650.0,112500.0,Mecánica,Otros
2018.0,25000.0,53119.0,Automática,Gasolina
2015.0,14750.0,106000.0,Automática,Gasolina
2018.0,12000.0,137400.0,Mecánica,Gasolina
2023.0,20000.0,16800.0,Automática,Gasolina
2023.0,27000.0,114250.0,Mecánica,Otros
2019.0,20000.0,33000.0,Automática - Secuencial,Otros
2014.0,9500.0,81600.0,Mecánica,Gasolina
2022.0,17250.0,33100.0,Mecánica,Gasolina
2013.0,13300.0,68000.0,Automática - Secuencial,Otros
2015.0,13000.0,79000.0,Automática - Secuencial,Gasolina
2018.0,30000.0,68000.0,Automática - Secuencial,Gasolina
2007.0,8000.0,96000.0,Automática,Gasolina
2025.0,14700.0,18000.0,Automática,Gasolina
2012.0,12000.0,107542.0,Automática,Gasolina
2012.0,9000.0,144000.0,Automática - Secuencial,Gasolina
2020.0,11800.0,35000.0,Automática,Gasolina
2019.0,27000.0,62500.0,Automática - Secuencial,Gasolina
2015.0,13000.0,79000.0,Automática - Secuencial,Gasolina
2020.0,9400.0,67000.0,Mecánica,Otros
2014.0,13000.0,106600.0,Automática,Gasolina
2014.0,9450.0,80000.0,Mecánica,Gasolina
2011.0,11900.0,105000.0,Automática - Secuencial,Otros
2016.0,13900.0,95000.0,Automática - Secuencial,Gasolina
2020.0,8100.0,120000.0,Mecánica,Gasolina
2019.0,16900.0,113000.0,Automática,Gasolina
2024.0,25000.0,1600.0,Automática - Secuencial,Gasolina
2020.0,33500.0,54400.0,Automática - Secuencial,Gasolina
2013.0,7900.0,70000.0,Mecánica,Gasolina
2024.0,21400.0,16500.0,Automática,Gasolina
2011.0,14000.0,140000.0,Mecánica,Gasolina
2015.0,12500.0,55000.0,Mecánica,Gasolina
2008.0,11200.0,105000.0,Automática,Gasolina
2021.0,29900.0,85500.0,Automática - Secuencial,Gasolina
2025.0,18000.0,30500.0,Automática,Otros
2016.0,10500.0,100700.0,Mecánica,Otros
2013.0,11300.0,62500.0,Automática,Gasolina
2013.0,9000.0,97287.0,Automática - Secuencial,Gasolina
2018.0,23400.0,49900.0,Automática - Secuencial,Gasolina
2018.0,24300.0,95000.0,Automática - Secuencial,Gasolina
2018.0,25900.0,60000.0,Automática - Secuencial,Gasolina
2023.0,18500.0,21000.0,Automática - Secuencial,Gasolina
2023.0,22000.0,33300.0,Automática - Secuencial,Gasolina
2014.0,11900.0,100.0,Automática - Secuencial,Gasolina
2019.0,21900.0,51000.0,Automática - Secuencial,Gasolina
2018.0,30000.0,79000.0,Automática - Secuencial,Gasolina
2023.0,29000.0,50000.0,Mecánica,Otros
2018.0,16500.0,90000.0,Mecánica,Otros
2009.0,10500.0,75000.0,Automática,Gasolina
2022.0,21000.0,18000.0,Automática,Otros
2020.0,25500.0,61220.0,Automática - Secuencial,Gasolina
2009.0,25000.0,150000.0,Automática,Otros
2012.0,8300.0,109.0,Mecánica,Gasolina
2023.0,19800.0,29000.0,Automática,Otros
2023.0,17200.0,18500.0,Automática,Gasolina
2013.0,7800.0,96400.0,Mecánica,Gasolina
2012.0,5350.0,147000.0,Mecánica,Otros
2023.0,13800.0,78500.0,Automática,Gasolina
2012.0,7000.0,86000.0,Automática - Secuencial,Gasolina
2013.0,11000.0,130000.0,Mecánica,Gasolina
2013.0,12700.0,120.0,Automática - Secuencial,Gasolina
2017.0,42500.0,49500.0,Automática - Secuencial,Gasolina
2021.0,8000.0,115000.0,Mecánica,Otros
2023.0,13700.0,2800.0,Mecánica,Gasolina
2022.0,24500.0,90000.0,Mecánica,Otros
2016.0,18000.0,80000.0,Automática - Secuencial,Gasolina
2011.0,15500.0,137000.0,Automática,Gasolina
2022.0,21000.0,92000.0,Automática - Secuencial,Gasolina
2012.0,7299.0,69800.0,Mecánica,Gasolina
2009.0,13500.0,13500.0,Automática - Secuencial,Gasolina
2011.0,11500.0,67500.0,Automática - Secuencial,Gasolina
2023.0,14000.0,100000.0,Mecánica,Otros
2023.0,31500.0,68000.0,Mecánica,Otros
2024.0,37000.0,4300.0,Automática - Secuencial,Gasolina
2013.0,11000.0,158000.0,Automática - Secuencial,Otros
2017.0,15200.0,61000.0,Automática - Secuencial,Gasolina
2020.0,17000.0,64000.0,Automática,Gasolina
2019.0,27990.0,109360.0,Automática,Gasolina
2011.0,9900.0,99600.0,Automática - Secuencial,Otros
2018.0,22000.0,99500.0,Automática,Gasolina
2018.0,6200.0,145000.0,Mecánica,Otros
2011.0,11500.0,124000.0,Automática - Secuencial,Gasolina
2022.0,13700.0,48000.0,Mecánica,Gasolina
2022.0,24000.0,85000.0,Automática - Secuencial,Gasolina
2020.0,18900.0,85000.0,Automática - Secuencial,Gasolina
2012.0,18000.0,103000.0,Automática,Gasolina
2022.0,18500.0,12400.0,Mecánica,Gasolina
2017.0,16900.0,90000.0,Mecánica,Gasolina
2017.0,30000.0,61500.0,Automática - Secuencial,Otros
2012.0,12500.0,114000.0,Automática,Gasolina
2012.0,7000.0,140000.0,Automática,Otros
2020.0,19000.0,22800.0,Automática,Gasolina
2014.0,12900.0,116000.0,Automática - Secuencial,Gasolina
2021.0,23000.0,92000.0,Automática - Secuencial,Otros
2019.0,21900.0,48500.0,Automática - Secuencial,Gasolina
2011.0,8500.0,85000.0,Mecánica,Otros
2019.0,29000.0,117318.0,Mecánica,Otros
2022.0,17990.0,48000.0,Automática - Secuencial,Gasolina
2019.0,19999.0,98500.0,Automática - Secuencial,Gasolina
2016.0,25000.0,35700.0,Automática - Secuencial,Gasolina
