combustible,transmision_automatica,transmision_automatica_secuencial,transmision_mecanica,anio,precio,kilometraje
1.0,1.0,0.0,0.0,2.024,3.749,0.356
0.0,1.0,0.0,0.0,2.017,2.29,0.52362
0.0,1.0,0.0,0.0,2.016,1.59,1.13237
0.0,1.0,0.0,0.0,2.017,2.69,0.58
0.0,1.0,0.0,0.0,2.016,1.39,0.59
0.0,1.0,0.0,0.0,2.009,1.39,1.23113
0.0,1.0,0.0,0.0,2.012,1.29,0.7267
0.0,0.0,1.0,0.0,2.021,3.79,0.61628
0.0,0.0,1.0,0.0,2.022,4.49,0.27
1.0,0.0,1.0,0.0,2.015,2.35,1.17329
0.0,1.0,0.0,0.0,2.017,1.899,0.90597
1.0,1.0,0.0,0.0,2.023,4.249,0.14
0.0,1.0,0.0,0.0,2.022,2.39,0.66
0.0,1.0,0.0,0.0,2.024,3.12,0.22
0.0,1.0,0.0,0.0,2.013,1.949,0.77
0.0,0.0,1.0,0.0,2.014,1.475,0.55
1.0,0.0,1.0,0.0,2.022,4.3,0.78866
0.0,1.0,0.0,0.0,2.023,3.85,0.37181
0.0,0.0,0.0,1.0,2.018,0.99,0.435
0.0,1.0,0.0,0.0,2.008,1.5,0.31763
0.0,1.0,0.0,0.0,2.017,2.69,0.57
0.0,1.0,0.0,0.0,2.017,1.99,0.45812
1.0,1.0,0.0,0.0,2.025,3.09,0.09713
0.0,0.0,1.0,0.0,2.026,3.18,0.0108
1.0,0.0,0.0,1.0,2.022,3.15,0.27118
1.0,1.0,0.0,0.0,2.02,1.39,1.206
0.0,1.0,0.0,0.0,2.023,3.69,0.22861
0.0,0.0,1.0,0.0,2.02,4.49,0.44
0.0,0.0,1.0,0.0,2.02,2.39,0.76
0.0,1.0,0.0,0.0,2.02,4.49,0.72743
0.0,0.0,1.0,0.0,2.017,1.69,0.62
0.0,1.0,0.0,0.0,2.02,2.29,0.45
0.0,1.0,0.0,0.0,2.018,3.299,0.7
0.0,0.0,1.0,0.0,2.018,4.399,0.415
0.0,1.0,0.0,0.0,2.022,1.89,0.35452
0.0,1.0,0.0,0.0,2.015,3.59,0.453
0.0,1.0,0.0,0.0,2.017,1.89,0.61984
0.0,0.0,1.0,0.0,2.019,2.99,0.61928
0.0,1.0,0.0,0.0,2.021,3.49,0.427
0.0,1.0,0.0,0.0,2.022,1.39,0.316
0.0,1.0,0.0,0.0,2.018,2.999,0.537
0.0,1.0,0.0,0.0,2.018,1.79,0.30222
0.0,0.0,1.0,0.0,2.023,2.2,0.25303
0.0,0.0,1.0,0.0,2.025,2.89,0.205
0.0,0.0,0.0,1.0,2.021,1.69,0.615
1.0,0.0,0.0,1.0,2.022,2.29,0.343
0.0,0.0,1.0,0.0,2.021,2.79,0.63282
0.0,1.0,0.0,0.0,2.017,2.49,0.92439
0.0,0.0,0.0,1.0,2.02,1.39,0.31
0.0,1.0,0.0,0.0,2.025,3.29,0.104
0.0,1.0,0.0,0.0,2.017,2.799,0.8974
0.0,0.0,1.0,0.0,2.02,3.69,0.78855
1.0,1.0,0.0,0.0,2.025,2.69,0.00048
0.0,1.0,0.0,0.0,2.022,2.199,0.37
1.0,0.0,0.0,1.0,2.022,1.99,0.7
0.0,1.0,0.0,0.0,2.025,1.99,0.00052
0.0,1.0,0.0,0.0,2.019,1.99,0.45416
0.0,0.0,1.0,0.0,2.023,1.999,0.35
1.0,0.0,0.0,1.0,2.02,1.59,0.47069
0.0,0.0,0.0,1.0,2.022,1.699,0.697
0.0,1.0,0.0,0.0,2.02,2.59,0.85464
0.0,1.0,0.0,0.0,2.025,2.599,0.00015
0.0,0.0,1.0,0.0,2.024,2.85,0.413
0.0,1.0,0.0,0.0,2.016,3.3,0.58694
0.0,0.0,1.0,0.0,2.025,3.25,0.07
0.0,0.0,1.0,0.0,2.015,1.39,0.7873
0.0,0.0,0.0,1.0,2.023,1.69,0.49774
0.0,1.0,0.0,0.0,2.025,2.99,0.205
0.0,0.0,0.0,1.0,2.022,1.39,0.50675
0.0,0.0,0.0,1.0,2.023,1.849,0.32
0.0,1.0,0.0,0.0,2.019,4.29,0.70932
0.0,1.0,0.0,0.0,2.022,2.49,0.47224
0.0,1.0,0.0,0.0,2.024,2.099,0.302
0.0,1.0,0.0,0.0,2.016,1.39,0.58
0.0,1.0,0.0,0.0,2.017,2.99,1.15504
0.0,0.0,1.0,0.0,2.013,1.69,1.64333
0.0,1.0,0.0,0.0,2.017,1.89,0.92887
0.0,1.0,0.0,0.0,2.013,2.05,0.88548
0.0,1.0,0.0,0.0,2.013,2.25,0.78925
0.0,0.0,1.0,0.0,2.023,3.4,0.56667
0.0,1.0,0.0,0.0,2.018,1.99,0.68515
0.0,1.0,0.0,0.0,2.026,3.149,0.001
0.0,1.0,0.0,0.0,2.021,2.19,0.71387
0.0,1.0,0.0,0.0,2.02,4.49,0.30984
0.0,1.0,0.0,0.0,2.019,1.89,0.50871
0.0,1.0,0.0,0.0,2.018,1.999,0.6059
0.0,1.0,0.0,0.0,2.024,1.79,0.26777
0.0,1.0,0.0,0.0,2.018,2.199,0.735
0.0,1.0,0.0,0.0,2.013,1.39,1.36549
0.0,0.0,1.0,0.0,2.019,1.999,0.395
0.0,0.0,1.0,0.0,2.017,2.79,0.42773
0.0,1.0,0.0,0.0,2.015,2.19,1.12626
0.0,0.0,1.0,0.0,2.014,2.15,0.24094
1.0,0.0,1.0,0.0,2.024,2.649,0.00015
0.0,1.0,0.0,0.0,2.019,2.29,0.71167
0.0,0.0,1.0,0.0,2.021,3.65,0.52
0.0,0.0,0.0,1.0,2.022,1.19,0.52094
1.0,0.0,0.0,1.0,2.023,2.39,0.523
0.0,0.0,1.0,0.0,2.026,4.099,0.037
1.0,0.0,1.0,0.0,2.015,1.65,1.45029
0.0,1.0,0.0,0.0,2.017,2.79,0.94474
0.0,0.0,1.0,0.0,2.022,3.99,0.435
1.0,1.0,0.0,0.0,2.022,3.699,0.35178
1.0,0.0,0.0,1.0,2.022,2.39,0.34209
0.0,1.0,0.0,0.0,2.018,2.1,0.60999
0.0,1.0,0.0,0.0,2.015,2.39,0.63892
0.0,0.0,1.0,0.0,2.024,2.449,0.48
0.0,1.0,0.0,0.0,2.02,3.19,0.25265
0.0,1.0,0.0,0.0,2.016,1.99,0.68258
0.0,0.0,1.0,0.0,2.02,3.99,0.40564
1.0,0.0,1.0,0.0,2.025,3.49,0.07626
0.0,1.0,0.0,0.0,2.015,1.39,0.79717
1.0,1.0,0.0,0.0,2.022,3.299,0.68058
0.0,1.0,0.0,0.0,2.015,1.49,0.6897
0.0,0.0,1.0,0.0,2.014,3.49,0.86117
0.0,1.0,0.0,0.0,2.023,2.39,0.18
0.0,1.0,0.0,0.0,2.016,2.299,0.81744
0.0,0.0,0.0,1.0,2.024,1.99,0.19948
0.0,1.0,0.0,0.0,2.023,2.19,0.37323
0.0,0.0,1.0,0.0,2.02,3.49,0.54
0.0,0.0,1.0,0.0,2.02,2.59,0.75276
0.0,1.0,0.0,0.0,2.025,4.449,0.05
0.0,1.0,0.0,0.0,2.023,2.1,0.15076
0.0,1.0,0.0,0.0,2.02,2.3,0.73406
1.0,1.0,0.0,0.0,2.025,4.5,0.008
0.0,0.0,1.0,0.0,2.021,1.89,0.1
0.0,1.0,0.0,0.0,2.017,1.59,1.407
0.0,0.0,0.0,1.0,2.024,1.68,0.15393
0.0,1.0,0.0,0.0,2.02,2.89,0.61165
0.0,1.0,0.0,0.0,2.013,1.79,0.862
0.0,0.0,1.0,0.0,2.018,3.25,0.93495
0.0,0.0,0.0,1.0,2.017,1.29,0.32
0.0,0.0,0.0,1.0,2.021,1.49,1.159
0.0,1.0,0.0,0.0,2.023,3.749,0.243
0.0,1.0,0.0,0.0,2.024,4.499,0.121
0.0,0.0,1.0,0.0,2.017,1.69,0.512
0.0,1.0,0.0,0.0,2.018,4.4,0.678
0.0,0.0,1.0,0.0,2.025,1.99,0.00076
0.0,0.0,1.0,0.0,2.017,4.3,0.55
0.0,0.0,1.0,0.0,2.021,4.39,0.16
0.0,1.0,0.0,0.0,2.026,4.199,0.016
0.0,1.0,0.0,0.0,2.016,1.849,0.415
0.0,1.0,0.0,0.0,2.01,1.49,1.5259
0.0,0.0,1.0,0.0,2.025,3.25,0.15367
0.0,0.0,0.0,1.0,2.023,1.749,0.05292
1.0,1.0,0.0,0.0,2.026,2.8,0.01174
0.0,1.0,0.0,0.0,2.023,2.29,0.78093
1.0,0.0,0.0,1.0,2.025,1.899,0.0
0.0,0.0,0.0,1.0,2.023,1.6,0.033
0.0,0.0,0.0,1.0,2.014,3.99,0.02477
0.0,1.0,0.0,0.0,2.019,2.99,0.40362
0.0,1.0,0.0,0.0,2.016,0.89,1.2319
0.0,0.0,1.0,0.0,2.011,1.59,0.52939
0.0,0.0,1.0,0.0,2.021,2.79,1.398
1.0,1.0,0.0,0.0,2.021,2.15,0.76594
0.0,0.0,1.0,0.0,2.023,2.69,0.3462
0.0,1.0,0.0,0.0,2.02,2.7,1.33583
0.0,0.0,1.0,0.0,2.02,2.699,0.325
0.0,1.0,0.0,0.0,2.023,2.4,0.357
1.0,1.0,0.0,0.0,2.024,3.69,0.45122
0.0,1.0,0.0,0.0,2.022,2.49,0.23167
0.0,1.0,0.0,0.0,2.024,2.49,0.44445
0.0,0.0,1.0,0.0,2.013,3.9,0.64
0.0,0.0,1.0,0.0,2.016,2.19,0.69711
1.0,1.0,0.0,0.0,2.026,4.49,0.06368
0.0,0.0,1.0,0.0,2.02,2.39,0.56062
0.0,1.0,0.0,0.0,2.025,2.449,0.103
0.0,1.0,0.0,0.0,2.017,2.89,0.71056
0.0,1.0,0.0,0.0,2.023,2.05,0.162
0.0,1.0,0.0,0.0,2.017,1.39,0.93595
0.0,1.0,0.0,0.0,2.022,4.3,0.27955
0.0,1.0,0.0,0.0,2.024,2.35,0.24277
0.0,1.0,0.0,0.0,2.02,2.59,0.51856
0.0,1.0,0.0,0.0,2.019,3.19,0.82387
1.0,0.0,1.0,0.0,2.015,2.65,1.15849
0.0,1.0,0.0,0.0,2.018,1.89,0.81127
0.0,0.0,1.0,0.0,2.02,3.45,0.35265
0.0,1.0,0.0,0.0,2.019,1.89,0.675
0.0,0.0,0.0,1.0,2.023,1.199,0.30537
0.0,1.0,0.0,0.0,2.025,2.499,0.14797
1.0,1.0,0.0,0.0,2.023,3.999,0.11359
1.0,0.0,1.0,0.0,2.019,3.65,1.09259
0.0,1.0,0.0,0.0,2.022,3.1,0.44229
0.0,1.0,0.0,0.0,2.018,1.99,0.83
0.0,1.0,0.0,0.0,2.016,1.99,0.85922
0.0,0.0,1.0,0.0,2.022,3.69,0.3
0.0,0.0,1.0,0.0,2.023,4.19,0.52
0.0,1.0,0.0,0.0,2.019,2.099,0.68
0.0,1.0,0.0,0.0,2.024,4.2,0.4914
0.0,0.0,0.0,1.0,2.018,0.99,0.91
0.0,0.0,0.0,1.0,2.024,1.39,0.166
0.0,1.0,0.0,0.0,2.022,4.2,0.43661
0.0,1.0,0.0,0.0,2.016,1.49,0.99185
0.0,0.0,1.0,0.0,2.018,2.499,0.724
0.0,1.0,0.0,0.0,2.015,2.69,1.13
1.0,1.0,0.0,0.0,2.022,4.299,0.391
0.0,0.0,1.0,0.0,2.021,1.99,0.85
0.0,0.0,1.0,0.0,2.017,1.99,1.15756
0.0,0.0,1.0,0.0,2.018,3.99,0.6824
0.0,1.0,0.0,0.0,2.026,2.49,0.001
0.0,1.0,0.0,0.0,2.02,4.07,0.74871
0.0,1.0,0.0,0.0,2.018,1.88,0.73674
0.0,1.0,0.0,0.0,2.023,2.0,0.45473
0.0,1.0,0.0,0.0,2.021,4.49,0.45518
0.0,1.0,0.0,0.0,2.02,1.89,1.1135
0.0,1.0,0.0,0.0,2.017,1.89,0.87248
0.0,1.0,0.0,0.0,2.017,4.49,0.52
0.0,0.0,1.0,0.0,2.023,3.25,0.17592
0.0,1.0,0.0,0.0,2.024,2.029,0.138
0.0,1.0,0.0,0.0,2.018,2.749,0.648
0.0,0.0,1.0,0.0,2.019,3.49,0.89435
0.0,0.0,1.0,0.0,2.018,2.699,1.06804
0.0,0.0,1.0,0.0,2.02,2.09,0.76
0.0,0.0,1.0,0.0,2.022,3.699,0.0475
0.0,1.0,0.0,0.0,2.016,2.25,0.85783
0.0,1.0,0.0,0.0,2.02,2.99,0.36766
1.0,0.0,0.0,1.0,2.025,2.19,0.00321
0.0,0.0,1.0,0.0,2.022,2.79,0.77
0.0,1.0,0.0,0.0,2.024,4.5,0.155
0.0,1.0,0.0,0.0,2.018,2.29,0.862
0.0,1.0,0.0,0.0,2.022,3.79,0.18
0.0,1.0,0.0,0.0,2.021,1.75,0.4465
0.0,0.0,0.0,1.0,2.026,1.679,0.0002
0.0,0.0,1.0,0.0,2.015,3.099,0.74602
0.0,1.0,0.0,0.0,2.026,2.25,0.03608
1.0,0.0,0.0,1.0,2.023,2.599,0.00036
1.0,0.0,1.0,0.0,2.007,1.49,1.5
0.0,1.0,0.0,0.0,2.018,2.69,0.66878
0.0,1.0,0.0,0.0,2.021,3.59,0.4386
1.0,1.0,0.0,0.0,2.024,1.8,0.01371
0.0,0.0,1.0,0.0,2.015,2.49,1.11276
0.0,1.0,0.0,0.0,2.024,1.829,0.16
1.0,0.0,1.0,0.0,2.022,3.99,0.59062
1.0,1.0,0.0,0.0,2.013,1.3,1.09113
0.0,1.0,0.0,0.0,2.021,3.899,0.573
0.0,1.0,0.0,0.0,2.018,1.69,0.28
0.0,1.0,0.0,0.0,2.018,2.99,0.67
0.0,1.0,0.0,0.0,2.02,2.89,0.63758
0.0,1.0,0.0,0.0,2.019,3.2,0.449
1.0,0.0,1.0,0.0,2.025,2.349,0.24597
0.0,1.0,0.0,0.0,2.018,3.0,0.87209
0.0,1.0,0.0,0.0,2.023,3.19,0.21191
0.0,1.0,0.0,0.0,2.016,2.29,1.20805
0.0,1.0,0.0,0.0,2.016,1.69,0.76
0.0,1.0,0.0,0.0,2.017,2.49,0.83725
0.0,1.0,0.0,0.0,2.021,2.549,0.234
0.0,1.0,0.0,0.0,2.014,1.59,1.64581
0.0,0.0,1.0,0.0,2.017,1.89,0.83
0.0,0.0,1.0,0.0,2.017,2.75,0.44085
0.0,0.0,1.0,0.0,2.025,2.499,0.13734
0.0,1.0,0.0,0.0,2.025,2.69,0.047
0.0,1.0,0.0,0.0,2.01,1.99,0.86625
0.0,0.0,1.0,0.0,2.026,2.8,0.007
0.0,1.0,0.0,0.0,2.018,3.79,0.5258
0.0,1.0,0.0,0.0,2.02,2.09,0.45972
0.0,1.0,0.0,0.0,2.021,3.69,0.46755
0.0,1.0,0.0,0.0,2.019,1.99,0.77
0.0,0.0,1.0,0.0,2.016,4.49,0.55
0.0,0.0,1.0,0.0,2.021,2.39,0.682
0.0,0.0,1.0,0.0,2.019,1.75,1.55334
0.0,0.0,1.0,0.0,2.022,3.99,0.46861
0.0,1.0,0.0,0.0,2.02,3.2,0.713
1.0,0.0,0.0,1.0,2.023,2.249,0.42859
0.0,1.0,0.0,0.0,2.014,1.39,0.91
1.0,1.0,0.0,0.0,2.023,2.099,0.01653
0.0,1.0,0.0,0.0,2.022,3.09,0.0909
0.0,0.0,0.0,1.0,2.016,1.69,0.699
0.0,0.0,1.0,0.0,2.016,2.15,1.12265
0.0,1.0,0.0,0.0,2.023,1.599,0.3834
0.0,0.0,1.0,0.0,2.018,2.19,0.45
0.0,1.0,0.0,0.0,2.025,3.949,0.004
0.0,1.0,0.0,0.0,2.013,1.19,1.054
0.0,1.0,0.0,0.0,2.025,2.79,0.09801
0.0,1.0,0.0,0.0,2.026,1.999,0.00017
0.0,0.0,1.0,0.0,2.01,2.59,0.74
0.0,0.0,1.0,0.0,2.018,2.49,0.35951
1.0,0.0,0.0,1.0,2.024,1.1,0.41366
1.0,0.0,0.0,1.0,2.024,1.38,0.08
1.0,0.0,0.0,1.0,2.022,1.89,0.40773
0.0,0.0,1.0,0.0,2.026,3.19,0.0
0.0,1.0,0.0,0.0,2.021,3.05,0.415
0.0,1.0,0.0,0.0,2.017,2.159,0.74
0.0,0.0,1.0,0.0,2.025,2.499,0.11977
1.0,1.0,0.0,0.0,2.023,4.499,0.415
1.0,0.0,1.0,0.0,2.024,4.199,0.211
0.0,0.0,1.0,0.0,2.016,2.99,0.63831
0.0,0.0,1.0,0.0,2.024,4.29,0.09664
0.0,0.0,1.0,0.0,2.017,3.0,0.32
1.0,0.0,1.0,0.0,2.015,1.15,0.86592
0.0,1.0,0.0,0.0,2.016,2.49,0.79108
0.0,1.0,0.0,0.0,2.021,4.29,0.4667
0.0,0.0,1.0,0.0,2.02,2.39,0.676
0.0,0.0,0.0,1.0,2.015,0.99,0.464
0.0,1.0,0.0,0.0,2.02,3.09,0.456
0.0,1.0,0.0,0.0,2.026,2.49,0.001
0.0,1.0,0.0,0.0,2.023,2.29,0.1717
0.0,1.0,0.0,0.0,2.02,1.999,0.54
0.0,0.0,0.0,1.0,2.01,0.79,0.93347
0.0,1.0,0.0,0.0,2.018,4.099,0.50717
0.0,1.0,0.0,0.0,2.024,2.299,0.00084
1.0,1.0,0.0,0.0,2.023,3.8,0.52917
0.0,1.0,0.0,0.0,2.013,1.39,1.20968
1.0,0.0,1.0,0.0,2.02,3.39,0.6
0.0,1.0,0.0,0.0,2.02,2.85,0.29685
0.0,0.0,1.0,0.0,2.024,3.49,0.13461
0.0,0.0,0.0,1.0,2.014,1.29,0.87947
0.0,1.0,0.0,0.0,2.018,2.19,0.78
0.0,0.0,1.0,0.0,2.018,2.299,0.455
0.0,1.0,0.0,0.0,2.024,4.399,0.00323
0.0,1.0,0.0,0.0,2.018,2.35,0.81735
1.0,0.0,0.0,1.0,2.025,1.899,0.3
0.0,1.0,0.0,0.0,2.024,3.599,0.242
0.0,0.0,1.0,0.0,2.017,2.19,0.35069
0.0,1.0,0.0,0.0,2.023,1.99,0.178
0.0,1.0,0.0,0.0,2.022,1.69,0.24906
0.0,1.0,0.0,0.0,2.021,2.65,0.70149
0.0,0.0,0.0,1.0,2.012,1.29,0.959
0.0,0.0,1.0,0.0,2.02,2.59,0.79198
1.0,0.0,0.0,1.0,2.022,2.39,0.25801
0.0,1.0,0.0,0.0,2.018,3.99,0.34247
1.0,1.0,0.0,0.0,2.026,1.829,0.00032
0.0,1.0,0.0,0.0,2.019,1.99,0.59986
1.0,1.0,0.0,0.0,2.025,4.5,0.00099
0.0,1.0,0.0,0.0,2.023,1.5,0.85637
0.0,1.0,0.0,0.0,2.024,2.89,0.14114
0.0,1.0,0.0,0.0,2.022,1.89,0.495
0.0,1.0,0.0,0.0,2.011,2.19,1.18
0.0,1.0,0.0,0.0,2.017,3.09,0.74158
0.0,0.0,1.0,0.0,2.016,1.79,0.5138
0.0,1.0,0.0,0.0,2.019,3.29,0.51333
0.0,1.0,0.0,0.0,2.022,2.29,0.355
0.0,1.0,0.0,0.0,2.019,2.099,0.518
1.0,1.0,0.0,0.0,2.023,2.89,0.48084
0.0,0.0,1.0,0.0,2.022,2.69,0.37851
0.0,1.0,0.0,0.0,2.017,1.79,0.86559
0.0,1.0,0.0,0.0,2.014,1.25,1.00795
1.0,0.0,0.0,1.0,2.026,3.249,0.019
0.0,1.0,0.0,0.0,2.022,2.49,0.533
0.0,0.0,0.0,1.0,2.016,0.999,0.56
0.0,1.0,0.0,0.0,2.026,3.299,0.02244
0.0,1.0,0.0,0.0,2.022,3.29,0.14393
0.0,1.0,0.0,0.0,2.024,1.89,0.18092
0.0,0.0,1.0,0.0,2.024,2.899,0.123
0.0,1.0,0.0,0.0,2.025,2.599,0.00027
0.0,1.0,0.0,0.0,2.024,1.99,0.16966
0.0,0.0,1.0,0.0,2.021,3.69,0.15
0.0,1.0,0.0,0.0,2.017,1.699,0.685
0.0,0.0,1.0,0.0,2.018,2.49,0.69723
0.0,1.0,0.0,0.0,2.022,2.59,0.69693
0.0,1.0,0.0,0.0,2.019,2.799,0.55738
0.0,0.0,1.0,0.0,2.018,1.85,0.71
0.0,0.0,1.0,0.0,2.019,3.39,0.82295
0.0,1.0,0.0,0.0,2.019,2.25,0.40962
0.0,0.0,1.0,0.0,2.021,2.89,0.51
1.0,1.0,0.0,0.0,2.023,3.949,0.18
0.0,1.0,0.0,0.0,2.025,3.69,0.1545
0.0,0.0,0.0,1.0,2.023,1.199,0.31267
0.0,0.0,1.0,0.0,2.013,2.3,1.08
0.0,1.0,0.0,0.0,2.024,2.1,0.41473
0.0,1.0,0.0,0.0,2.022,2.25,0.18815
0.0,1.0,0.0,0.0,2.02,1.95,0.57557
0.0,0.0,0.0,1.0,2.023,1.89,0.56705
0.0,0.0,1.0,0.0,2.019,3.89,0.86895
1.0,0.0,1.0,0.0,2.024,2.649,0.48955
0.0,1.0,0.0,0.0,2.023,2.59,0.25
0.0,1.0,0.0,0.0,2.019,1.25,0.9021
0.0,0.0,1.0,0.0,2.012,1.89,1.03216
0.0,1.0,0.0,0.0,2.018,1.499,0.285
0.0,1.0,0.0,0.0,2.022,2.1,0.45203
0.0,0.0,1.0,0.0,2.019,3.29,0.6999
0.0,1.0,0.0,0.0,2.013,1.99,0.67239
0.0,1.0,0.0,0.0,2.012,1.29,1.13567
0.0,1.0,0.0,0.0,2.019,2.69,1.19786
1.0,0.0,0.0,1.0,2.023,2.599,0.00033
0.0,1.0,0.0,0.0,2.013,2.39,0.78702
0.0,1.0,0.0,0.0,2.025,3.09,0.10874
0.0,1.0,0.0,0.0,2.023,1.849,0.06187
0.0,0.0,1.0,0.0,2.025,2.75,0.00285
1.0,0.0,0.0,1.0,2.022,1.95,0.748
0.0,1.0,0.0,0.0,2.017,1.99,0.30433
0.0,1.0,0.0,0.0,2.018,2.49,0.97386
0.0,0.0,1.0,0.0,2.019,3.49,0.559
1.0,0.0,0.0,1.0,2.021,3.6,0.62121
0.0,0.0,1.0,0.0,2.017,1.69,0.85417
0.0,0.0,1.0,0.0,2.015,2.35,0.69513
1.0,1.0,0.0,0.0,2.024,3.099,0.26
0.0,1.0,0.0,0.0,2.012,4.0,0.21082
0.0,1.0,0.0,0.0,2.021,1.79,0.29
0.0,1.0,0.0,0.0,2.014,1.55,0.91886
0.0,1.0,0.0,0.0,2.023,3.45,0.29599
0.0,1.0,0.0,0.0,2.025,2.5,0.08969
1.0,0.0,0.0,1.0,2.021,2.6,1.37211
0.0,1.0,0.0,0.0,2.021,4.23,0.6646
0.0,1.0,0.0,0.0,2.023,2.05,0.224
0.0,1.0,0.0,0.0,2.02,1.39,0.9604
1.0,1.0,0.0,0.0,2.024,4.2991,0.15359
0.0,1.0,0.0,0.0,2.019,1.75,0.67814
0.0,1.0,0.0,0.0,2.024,3.59,0.29999
0.0,1.0,0.0,0.0,2.025,2.6,0.0807
0.0,1.0,0.0,0.0,2.02,1.85,0.71459
0.0,1.0,0.0,0.0,2.022,1.95,0.68224
1.0,1.0,0.0,0.0,2.024,3.099,0.16
0.0,0.0,1.0,0.0,2.02,2.149,0.72
0.0,1.0,0.0,0.0,2.019,1.63,0.9065
0.0,1.0,0.0,0.0,2.024,2.3,0.12557
0.0,0.0,1.0,0.0,2.024,2.199,0.0769
0.0,0.0,0.0,1.0,2.025,1.75,0.03394
0.0,1.0,0.0,0.0,2.021,2.79,0.4461
1.0,0.0,0.0,1.0,2.025,1.829,0.0002
0.0,1.0,0.0,0.0,2.018,1.49,0.6313
1.0,1.0,0.0,0.0,2.023,2.9991,0.18084
1.0,0.0,0.0,1.0,2.024,1.6,0.0616
0.0,1.0,0.0,0.0,2.013,1.39,0.89678
0.0,1.0,0.0,0.0,2.022,1.999,0.407
0.0,1.0,0.0,0.0,2.021,1.2,0.60953
0.0,1.0,0.0,0.0,2.024,1.999,0.16
0.0,1.0,0.0,0.0,2.019,1.6,0.52
0.0,1.0,0.0,0.0,2.013,0.85,1.13929
0.0,1.0,0.0,0.0,2.025,1.3,0.0071
0.0,0.0,1.0,0.0,2.023,3.89,0.318
1.0,0.0,0.0,1.0,2.023,2.53,0.86813
0.0,1.0,0.0,0.0,2.02,3.3,0.84065
1.0,1.0,0.0,0.0,2.024,3.2991,0.13762
1.0,1.0,0.0,0.0,2.021,1.85,0.56497
0.0,0.0,0.0,1.0,2.023,1.3,0.99801
1.0,1.0,0.0,0.0,2.024,4.45,0.00744
0.0,1.0,0.0,0.0,2.018,1.29,0.90017
0.0,1.0,0.0,0.0,2.012,1.39,0.32226
1.0,1.0,0.0,0.0,2.024,3.2991,0.03431
0.0,0.0,1.0,0.0,2.023,2.349,0.105
1.0,1.0,0.0,0.0,2.023,1.55,0.01751
0.0,0.0,0.0,1.0,2.025,1.65,0.82831
0.0,1.0,0.0,0.0,2.026,2.99,0.09029
1.0,1.0,0.0,0.0,2.025,4.3991,0.00259
0.0,1.0,0.0,0.0,2.02,3.99,0.79865
0.0,1.0,0.0,0.0,2.022,3.4,0.4836
0.0,0.0,1.0,0.0,2.024,2.849,0.17
1.0,1.0,0.0,0.0,2.024,1.75,0.00027
1.0,0.0,0.0,1.0,2.02,2.19,1.16096
0.0,1.0,0.0,0.0,2.021,3.29,0.71665
1.0,0.0,0.0,1.0,2.026,3.249,0.0025
0.0,1.0,0.0,0.0,2.02,2.5,0.94841
1.0,1.0,0.0,0.0,2.022,2.5,0.61155
1.0,0.0,1.0,0.0,2.022,1.86,0.86743
1.0,1.0,0.0,0.0,2.022,2.5,0.7373
1.0,1.0,0.0,0.0,2.022,2.1,0.61285
0.0,1.0,0.0,0.0,2.023,3.5991,0.13649
1.0,0.0,0.0,1.0,2.023,4.09,0.45181
0.0,0.0,1.0,0.0,2.023,2.95,0.30566
0.0,1.0,0.0,0.0,2.021,2.15,0.56409
0.0,1.0,0.0,0.0,2.023,1.99,0.32215
0.0,0.0,1.0,0.0,2.017,2.09,0.915
0.0,1.0,0.0,0.0,2.024,1.83,0.4908
1.0,0.0,0.0,1.0,2.021,1.429,0.51
0.0,1.0,0.0,0.0,2.023,3.09,0.05019
0.0,1.0,0.0,0.0,2.02,1.95,0.54642
1.0,0.0,1.0,0.0,2.022,2.1,0.56378
1.0,1.0,0.0,0.0,2.02,3.39,0.52081
0.0,0.0,1.0,0.0,2.017,0.89,0.881
1.0,0.0,0.0,1.0,2.02,2.15,0.96579
1.0,1.0,0.0,0.0,2.013,1.98,1.06253
0.0,1.0,0.0,0.0,2.008,0.9,0.016
0.0,1.0,0.0,0.0,2.018,1.65,0.60824
1.0,1.0,0.0,0.0,2.024,2.4,0.13567
0.0,0.0,0.0,1.0,2.023,0.93,1.02
0.0,0.0,1.0,0.0,2.019,2.09,0.49
0.0,0.0,1.0,0.0,2.014,1.34,0.86
1.0,0.0,0.0,1.0,2.012,0.7099,0.98
0.0,0.0,1.0,0.0,2.017,2.15,0.575
0.0,0.0,1.0,0.0,2.026,3.5,0.025
0.0,0.0,1.0,0.0,2.024,2.15,0.5
0.0,1.0,0.0,0.0,2.02,4.25,0.3097
1.0,0.0,0.0,1.0,2.022,2.2,0.76
0.0,0.0,0.0,1.0,2.019,0.9,0.9
1.0,0.0,1.0,0.0,2.023,1.86,0.26
0.0,1.0,0.0,0.0,2.02,2.98,0.74
0.0,0.0,1.0,0.0,2.017,1.89,0.486
0.0,0.0,1.0,0.0,2.022,3.87,0.166
0.0,1.0,0.0,0.0,2.019,3.15,0.08
1.0,0.0,1.0,0.0,2.021,2.2,0.32
0.0,0.0,1.0,0.0,2.013,1.5,0.95
0.0,0.0,1.0,0.0,2.011,1.52,1.43
0.0,0.0,1.0,0.0,2.02,3.59,0.55
0.0,0.0,1.0,0.0,2.022,2.2,0.425
0.0,0.0,1.0,0.0,2.017,2.6,0.82
1.0,1.0,0.0,0.0,2.022,3.87,0.09072
0.0,0.0,1.0,0.0,2.018,3.07,0.997
0.0,0.0,1.0,0.0,2.017,2.35,1.45
0.0,1.0,0.0,0.0,2.025,3.0,0.06
0.0,0.0,1.0,0.0,2.013,2.95,0.81
0.0,0.0,1.0,0.0,2.021,3.5,0.49
0.0,0.0,1.0,0.0,2.019,2.79,0.00066
0.0,0.0,1.0,0.0,2.019,3.6,0.35
0.0,1.0,0.0,0.0,2.012,1.25,0.99
0.0,0.0,0.0,1.0,2.015,2.0,0.6044
0.0,0.0,1.0,0.0,2.019,2.55,0.41
1.0,1.0,0.0,0.0,2.024,2.3,0.32201
1.0,0.0,1.0,0.0,2.024,1.4,0.59
0.0,1.0,0.0,0.0,2.018,2.9,0.4455
0.0,0.0,1.0,0.0,2.018,2.49,0.65453
0.0,1.0,0.0,0.0,2.015,1.55,0.83
1.0,0.0,1.0,0.0,2.014,1.98,1.61
0.0,0.0,1.0,0.0,2.015,1.73,1.2
0.0,0.0,0.0,1.0,2.019,1.05,0.25722
0.0,1.0,0.0,0.0,2.022,1.68,0.5025
0.0,0.0,1.0,0.0,2.023,4.299,0.291
0.0,0.0,0.0,1.0,2.019,1.41,0.9625
0.0,1.0,0.0,0.0,2.016,1.05,0.58
0.0,1.0,0.0,0.0,2.024,2.05,0.06698
0.0,0.0,1.0,0.0,2.02,2.16,0.35
0.0,1.0,0.0,0.0,2.025,2.75,0.063
0.0,1.0,0.0,0.0,2.025,1.675,0.011
0.0,1.0,0.0,0.0,2.022,1.75,0.55
0.0,0.0,1.0,0.0,2.018,1.99,0.65
1.0,0.0,0.0,1.0,2.018,0.985,0.875
0.0,0.0,1.0,0.0,2.012,1.3,1.21
0.0,1.0,0.0,0.0,2.023,2.19,0.144
0.0,1.0,0.0,0.0,2.019,3.15,0.2261
0.0,1.0,0.0,0.0,2.018,1.73,0.76
0.0,0.0,1.0,0.0,2.013,2.09,1.12
0.0,1.0,0.0,0.0,2.016,2.35,0.94
0.0,0.0,1.0,0.0,2.02,2.65,0.7
0.0,0.0,1.0,0.0,2.021,3.59,0.252
0.0,0.0,1.0,0.0,2.024,3.85,0.118
0.0,0.0,0.0,1.0,2.012,0.83,0.297
0.0,1.0,0.0,0.0,2.018,4.2,0.4
0.0,0.0,1.0,0.0,2.019,1.999,0.405
0.0,0.0,1.0,0.0,2.018,3.6,0.604
1.0,0.0,0.0,1.0,2.022,2.35,1.07766
0.0,0.0,1.0,0.0,2.015,2.25,0.64
0.0,1.0,0.0,0.0,2.021,3.45,0.75
0.0,0.0,1.0,0.0,2.014,1.1,1.075
0.0,0.0,1.0,0.0,2.014,1.4,0.99
0.0,0.0,1.0,0.0,2.019,2.2,0.54
0.0,0.0,1.0,0.0,2.022,1.75,0.6
0.0,0.0,1.0,0.0,2.023,2.19,0.506
0.0,0.0,1.0,0.0,2.018,1.86,0.55
0.0,1.0,0.0,0.0,2.018,2.08,0.66355
0.0,0.0,1.0,0.0,2.017,2.1,0.58
1.0,0.0,1.0,0.0,2.023,1.225,0.21
0.0,1.0,0.0,0.0,2.017,3.15,0.85
0.0,0.0,1.0,0.0,2.009,0.98,1.515
0.0,0.0,1.0,0.0,2.023,3.9,0.174
0.0,0.0,1.0,0.0,2.018,2.099,0.61
0.0,0.0,1.0,0.0,2.018,2.49,0.78
1.0,0.0,1.0,0.0,2.013,0.72,1.2
1.0,0.0,0.0,1.0,2.022,1.15,0.89
1.0,0.0,0.0,1.0,2.017,1.15,0.82
0.0,0.0,1.0,0.0,2.016,2.699,1.15
0.0,0.0,1.0,0.0,2.019,2.09,0.398
0.0,1.0,0.0,0.0,2.018,2.09,0.66
0.0,0.0,1.0,0.0,2.019,2.25,0.965
0.0,1.0,0.0,0.0,2.019,2.84,0.69
0.0,0.0,1.0,0.0,2.023,2.15,0.53
0.0,0.0,0.0,1.0,2.012,0.89,0.54
0.0,0.0,1.0,0.0,2.019,2.99,0.6
0.0,0.0,1.0,0.0,2.017,2.0,0.41
0.0,1.0,0.0,0.0,2.017,1.4,1.43
0.0,1.0,0.0,0.0,2.02,1.35,0.665
0.0,1.0,0.0,0.0,2.02,1.6,0.315
0.0,1.0,0.0,0.0,2.014,1.5,0.93
0.0,1.0,0.0,0.0,2.011,1.35,1.24
0.0,1.0,0.0,0.0,2.018,1.55,0.725
0.0,1.0,0.0,0.0,2.023,1.9499,0.645
0.0,1.0,0.0,0.0,2.016,1.65,0.75
0.0,0.0,1.0,0.0,2.017,1.985,0.78
1.0,0.0,0.0,1.0,2.022,2.67,0.59738
0.0,1.0,0.0,0.0,2.021,2.85,0.051
0.0,0.0,1.0,0.0,2.014,1.73,0.9
0.0,1.0,0.0,0.0,2.018,3.0,0.82
0.0,1.0,0.0,0.0,2.023,2.299,0.179
0.0,0.0,1.0,0.0,2.022,2.88,0.38
0.0,1.0,0.0,0.0,2.02,4.3,0.55
0.0,0.0,1.0,0.0,2.02,2.29,0.47
0.0,0.0,1.0,0.0,2.013,1.25,0.775
0.0,0.0,1.0,0.0,2.016,1.79,1.11
0.0,1.0,0.0,0.0,2.016,2.8,0.8
0.0,0.0,1.0,0.0,2.021,2.4,0.34
0.0,0.0,1.0,0.0,2.012,1.35,1.1
0.0,0.0,1.0,0.0,2.017,2.0,0.925
1.0,0.0,1.0,0.0,2.011,1.45,1.625
0.0,0.0,1.0,0.0,2.021,4.0,0.298
0.0,0.0,1.0,0.0,2.019,2.38,0.708
0.0,0.0,1.0,0.0,2.019,1.55,0.4572
0.0,0.0,1.0,0.0,2.017,2.05,0.47199
0.0,0.0,1.0,0.0,2.02,1.69,0.455
0.0,0.0,1.0,0.0,2.017,1.4,1.2
0.0,0.0,1.0,0.0,2.02,3.5,0.65
0.0,0.0,1.0,0.0,2.013,1.2,0.95
1.0,1.0,0.0,0.0,2.018,1.99,0.65
0.0,0.0,0.0,1.0,2.013,0.8,0.93
0.0,0.0,1.0,0.0,2.022,3.55,0.74482
0.0,0.0,1.0,0.0,2.021,2.85,0.3587
0.0,1.0,0.0,0.0,2.022,3.99,0.36
0.0,1.0,0.0,0.0,2.01,1.05,1.1
0.0,0.0,1.0,0.0,2.015,1.85,0.99
0.0,0.0,1.0,0.0,2.017,1.95,0.66
1.0,0.0,0.0,1.0,2.02,1.2,0.485
0.0,1.0,0.0,0.0,2.012,0.7,0.76
0.0,0.0,1.0,0.0,2.016,3.75,0.95
0.0,0.0,1.0,0.0,2.025,2.0,0.316
1.0,0.0,0.0,1.0,2.022,0.8,1.6
0.0,0.0,1.0,0.0,2.017,1.69,0.53
0.0,0.0,1.0,0.0,2.025,2.45,0.26
0.0,0.0,1.0,0.0,2.017,3.87,0.5
0.0,0.0,1.0,0.0,2.017,2.65,0.46
0.0,1.0,0.0,0.0,2.024,2.5,0.065
0.0,1.0,0.0,0.0,2.02,3.5,0.55
0.0,0.0,0.0,1.0,2.024,2.7,0.3
0.0,1.0,0.0,0.0,2.02,2.7,0.28198
0.0,1.0,0.0,0.0,2.011,0.0,1.28
0.0,0.0,1.0,0.0,2.022,3.82,0.078
0.0,0.0,0.0,1.0,2.022,1.57,0.69
1.0,0.0,0.0,1.0,2.022,0.9,0.6
0.0,0.0,1.0,0.0,2.022,1.6,0.48
0.0,0.0,1.0,0.0,2.023,1.85,0.1
0.0,1.0,0.0,0.0,2.024,2.79,0.209
0.0,1.0,0.0,0.0,2.019,2.49,0.44728
0.0,1.0,0.0,0.0,2.018,2.65,0.871
0.0,0.0,0.0,1.0,2.013,0.8,1.1673
0.0,1.0,0.0,0.0,2.018,2.1,0.72
0.0,0.0,1.0,0.0,2.015,1.49,0.66
0.0,0.0,1.0,0.0,2.008,1.39,0.45151
0.0,0.0,1.0,0.0,2.022,1.82,0.625
1.0,0.0,0.0,1.0,2.015,1.34,0.8
1.0,0.0,0.0,1.0,2.023,1.59,0.29
0.0,1.0,0.0,0.0,2.025,3.4,0.00026
0.0,0.0,0.0,1.0,2.02,1.29,0.48
0.0,1.0,0.0,0.0,2.013,1.05,0.906
0.0,0.0,1.0,0.0,2.025,1.65,0.024
0.0,0.0,1.0,0.0,2.016,2.99,0.67649
0.0,0.0,1.0,0.0,2.025,2.39,0.02645
0.0,0.0,1.0,0.0,2.019,1.99,0.665
1.0,0.0,0.0,1.0,2.019,1.44,0.2509
0.0,0.0,1.0,0.0,2.01,1.695,1e-05
0.0,0.0,1.0,0.0,2.018,1.72,0.65
0.0,0.0,1.0,0.0,2.016,2.38,0.62
0.0,0.0,1.0,0.0,2.024,2.49,0.36
0.0,0.0,1.0,0.0,2.022,4.19,0.016
0.0,0.0,1.0,0.0,2.009,1.39,0.73778
1.0,0.0,1.0,0.0,2.018,2.15,0.195
0.0,0.0,1.0,0.0,2.022,1.7,0.301
0.0,0.0,0.0,1.0,2.024,2.129,0.325
1.0,0.0,1.0,0.0,2.02,3.15,1.55
0.0,1.0,0.0,0.0,2.022,3.29,0.48
0.0,0.0,1.0,0.0,2.018,2.05,0.33
0.0,1.0,0.0,0.0,2.025,1.99,0.0005
0.0,0.0,1.0,0.0,2.023,2.06,0.194
0.0,0.0,0.0,1.0,2.013,0.9,1.19583
0.0,0.0,1.0,0.0,2.012,1.19,0.7
0.0,0.0,1.0,0.0,2.019,2.099,0.76
0.0,0.0,1.0,0.0,2.02,1.66,0.68
0.0,0.0,1.0,0.0,2.022,2.19,0.81
0.0,0.0,1.0,0.0,2.018,2.89,0.58553
1.0,1.0,0.0,0.0,2.023,3.1,0.35
0.0,0.0,1.0,0.0,2.02,2.6,0.53872
0.0,1.0,0.0,0.0,2.023,2.27,0.39
0.0,1.0,0.0,0.0,2.019,1.55,0.59425
0.0,0.0,1.0,0.0,2.012,1.35,1.34
1.0,0.0,0.0,1.0,2.018,1.15,1.32644
0.0,0.0,1.0,0.0,2.018,1.99,0.82
0.0,1.0,0.0,0.0,2.018,2.87,0.42
0.0,0.0,1.0,0.0,2.013,1.7,0.92
0.0,0.0,1.0,0.0,2.013,3.3,0.54534
0.0,0.0,1.0,0.0,2.021,3.48,0.227
0.0,0.0,1.0,0.0,2.018,2.1,0.685
0.0,1.0,0.0,0.0,2.015,2.199,0.65
0.0,0.0,0.0,1.0,2.013,0.85,0.665
0.0,0.0,1.0,0.0,2.023,1.92,0.554
0.0,0.0,1.0,0.0,2.023,2.0,0.18
0.0,0.0,1.0,0.0,2.025,3.17,0.113
0.0,0.0,1.0,0.0,2.026,3.199,0.08657
0.0,1.0,0.0,0.0,2.025,2.549,0.005
0.0,0.0,1.0,0.0,2.022,1.85,0.3
0.0,0.0,1.0,0.0,2.017,1.79,0.65781
0.0,0.0,1.0,0.0,2.018,3.0,0.3005
0.0,0.0,1.0,0.0,2.019,1.5499,0.33729
0.0,0.0,1.0,0.0,2.016,1.9,1.13
0.0,0.0,1.0,0.0,2.02,2.89,0.50513
0.0,1.0,0.0,0.0,2.025,3.05,0.005
0.0,0.0,1.0,0.0,2.023,3.19,0.08804
0.0,1.0,0.0,0.0,2.013,1.3,1.67
0.0,0.0,1.0,0.0,2.018,2.75,0.695
0.0,0.0,1.0,0.0,2.023,3.58,0.24
0.0,0.0,1.0,0.0,2.019,2.57,0.62
0.0,0.0,1.0,0.0,2.019,1.75,0.379
0.0,0.0,1.0,0.0,2.023,2.49,0.216
0.0,1.0,0.0,0.0,2.025,2.85,0.005
0.0,0.0,1.0,0.0,2.018,2.79,0.46475
0.0,0.0,1.0,0.0,2.023,2.649,0.189
1.0,0.0,0.0,1.0,2.025,1.7,0.45
1.0,0.0,0.0,1.0,2.023,0.925,1.05
0.0,0.0,1.0,0.0,2.02,3.95,0.27241
0.0,1.0,0.0,0.0,2.018,2.32,0.72
0.0,0.0,1.0,0.0,2.022,1.79,0.36
1.0,0.0,1.0,0.0,2.021,1.8,0.37
0.0,0.0,1.0,0.0,2.019,1.99,0.57
0.0,0.0,1.0,0.0,2.025,4.4,0.038
0.0,0.0,1.0,0.0,2.022,0.0,0.12
1.0,0.0,0.0,1.0,2.014,1.2,1.63
1.0,0.0,1.0,0.0,2.02,2.3,0.2
1.0,0.0,1.0,0.0,2.017,1.62,0.965
0.0,0.0,1.0,0.0,2.012,1.89,0.54121
0.0,0.0,1.0,0.0,2.012,1.85,0.813
0.0,0.0,1.0,0.0,2.021,2.39,0.28316
0.0,0.0,1.0,0.0,2.024,2.75,0.376
0.0,0.0,1.0,0.0,2.019,1.8,0.29
0.0,0.0,1.0,0.0,2.019,3.0,0.67
1.0,0.0,0.0,1.0,2.021,1.05,1.18569
1.0,0.0,1.0,0.0,2.018,2.79,0.79
0.0,0.0,1.0,0.0,2.021,3.57,0.338
0.0,1.0,0.0,0.0,2.017,2.6,0.5
0.0,0.0,1.0,0.0,2.014,3.45,0.00107
0.0,1.0,0.0,0.0,2.021,2.35,0.26
1.0,0.0,0.0,1.0,2.013,1.39,1.035
0.0,0.0,1.0,0.0,2.025,2.7,0.092
1.0,0.0,0.0,1.0,2.02,1.499,0.25
1.0,1.0,0.0,0.0,2.022,1.06,0.95
0.0,0.0,1.0,0.0,2.018,2.9,0.45
0.0,1.0,0.0,0.0,2.008,3.0,1.35425
0.0,0.0,1.0,0.0,2.023,1.85,0.17
0.0,0.0,1.0,0.0,2.015,1.4,0.78
0.0,0.0,1.0,0.0,2.015,2.59,0.99
0.0,0.0,1.0,0.0,2.022,3.5,0.145
0.0,0.0,1.0,0.0,2.019,2.5,0.53
1.0,0.0,0.0,1.0,2.017,3.1,0.35
0.0,0.0,1.0,0.0,2.023,1.78,0.278
0.0,0.0,1.0,0.0,2.018,2.39,0.97
0.0,1.0,0.0,0.0,2.017,1.65,1.05
0.0,1.0,0.0,0.0,2.022,1.82,0.77
0.0,0.0,1.0,0.0,2.014,1.12,1.1
0.0,0.0,0.0,1.0,2.023,1.49,0.11528
0.0,0.0,0.0,1.0,2.019,1.3,0.55
0.0,0.0,0.0,1.0,2.014,1.25,0.75146
0.0,0.0,0.0,1.0,2.022,1.2249,0.87
0.0,1.0,0.0,0.0,2.015,1.49,0.74
0.0,0.0,1.0,0.0,2.019,3.49,0.33
0.0,0.0,1.0,0.0,2.014,1.3,0.92
0.0,1.0,0.0,0.0,2.009,1.16,1.2
0.0,1.0,0.0,0.0,2.011,1.0,0.765
0.0,1.0,0.0,0.0,2.024,4.5,0.13
0.0,1.0,0.0,0.0,2.012,4.5,1.58917
1.0,0.0,0.0,1.0,2.014,4.5,0.35
1.0,0.0,0.0,1.0,2.023,1.795,0.743
1.0,1.0,0.0,0.0,2.014,1.3,0.895
0.0,0.0,1.0,0.0,2.017,1.63,1.12
0.0,0.0,1.0,0.0,2.016,2.25,1.2
0.0,0.0,1.0,0.0,2.016,3.3,0.67473
0.0,1.0,0.0,0.0,2.015,2.15,0.78
1.0,0.0,0.0,1.0,2.018,1.29,0.92
0.0,0.0,0.0,1.0,2.017,3.7,0.27
0.0,1.0,0.0,0.0,2.018,1.75,0.933
0.0,0.0,1.0,0.0,2.016,1.249,0.93
1.0,0.0,0.0,1.0,2.025,1.15,0.33
1.0,0.0,0.0,1.0,2.007,2.39,0.52
0.0,0.0,0.0,1.0,2.021,2.0,0.48069
0.0,0.0,0.0,1.0,2.023,1.35,0.7
0.0,0.0,1.0,0.0,2.021,3.8,0.28
0.0,0.0,0.0,1.0,2.017,1.2,1.32803
0.0,0.0,1.0,0.0,2.013,1.25,0.882
0.0,0.0,1.0,0.0,2.021,4.0,0.63
0.0,0.0,0.0,1.0,2.008,1.29,0.78
1.0,0.0,0.0,1.0,2.024,1.0,0.005
0.0,0.0,1.0,0.0,2.022,1.75,0.38
1.0,0.0,0.0,1.0,2.024,2.7,0.65
1.0,0.0,0.0,1.0,2.022,1.75,0.22
1.0,0.0,1.0,0.0,2.014,1.3,0.65
0.0,0.0,1.0,0.0,2.025,3.1,0.18
0.0,0.0,0.0,1.0,2.017,1.39,0.994
1.0,0.0,0.0,1.0,2.013,1.65,1.28
0.0,0.0,1.0,0.0,2.022,1.05,0.78
0.0,1.0,0.0,0.0,2.021,3.0,0.37
1.0,1.0,0.0,0.0,2.021,2.39,0.68511
0.0,1.0,0.0,0.0,2.02,1.9,0.4
0.0,0.0,1.0,0.0,2.02,4.5,0.70418
0.0,0.0,1.0,0.0,2.02,2.65,0.68
0.0,0.0,1.0,0.0,2.015,1.55,1.11
0.0,0.0,1.0,0.0,2.017,3.9,0.49
0.0,0.0,1.0,0.0,2.018,2.25,0.58
0.0,1.0,0.0,0.0,2.021,3.25,0.48
0.0,0.0,0.0,1.0,2.013,0.85,0.482
0.0,0.0,1.0,0.0,2.017,2.39,0.43335
0.0,0.0,1.0,0.0,2.015,3.16,0.77
0.0,0.0,1.0,0.0,2.017,1.29,0.98917
0.0,0.0,1.0,0.0,2.019,3.4,0.81
0.0,1.0,0.0,0.0,2.012,1.85,1.295
0.0,0.0,1.0,0.0,2.019,3.9799,0.73
0.0,0.0,1.0,0.0,2.02,3.1,0.355
1.0,0.0,0.0,1.0,2.023,2.3,0.71
0.0,0.0,1.0,0.0,2.018,1.699,0.47
0.0,0.0,1.0,0.0,2.015,1.59,0.94
1.0,0.0,0.0,1.0,2.022,1.085,1.02
0.0,0.0,1.0,0.0,2.022,4.0,0.46
0.0,0.0,1.0,0.0,2.019,1.35,0.56
0.0,1.0,0.0,0.0,2.024,2.85,0.42
0.0,0.0,0.0,1.0,2.017,1.57,1.157
0.0,0.0,1.0,0.0,2.022,4.05,0.35
0.0,0.0,1.0,0.0,2.021,2.29,0.22
0.0,0.0,1.0,0.0,2.02,2.69,0.42
0.0,0.0,1.0,0.0,2.008,1.35,0.61724
0.0,0.0,0.0,1.0,2.015,1.2,0.83
1.0,0.0,0.0,1.0,2.015,0.85,0.941
0.0,1.0,0.0,0.0,2.018,3.3,0.52
0.0,0.0,1.0,0.0,2.015,1.69,0.81
0.0,0.0,1.0,0.0,2.019,1.52,0.54
0.0,1.0,0.0,0.0,2.016,1.05,0.8945
0.0,0.0,1.0,0.0,2.014,1.1999,1.05
0.0,1.0,0.0,0.0,2.018,1.688,0.705
0.0,0.0,1.0,0.0,2.023,3.189,0.3675
0.0,1.0,0.0,0.0,2.017,3.92,0.531
0.0,0.0,1.0,0.0,2.02,2.99,0.63
0.0,1.0,0.0,0.0,2.022,1.35,0.54
0.0,0.0,1.0,0.0,2.02,1.1,0.465
0.0,0.0,1.0,0.0,2.018,1.97,0.43
0.0,0.0,1.0,0.0,2.008,2.2,0.25
0.0,1.0,0.0,0.0,2.022,1.72,0.692
0.0,0.0,0.0,1.0,2.02,1.36,0.74
0.0,1.0,0.0,0.0,2.015,1.3,0.52
0.0,1.0,0.0,0.0,2.021,1.35,0.75
0.0,0.0,1.0,0.0,2.016,1.83,0.68636
0.0,1.0,0.0,0.0,2.017,1.6499,0.44
1.0,0.0,0.0,1.0,2.018,1.16,0.613
0.0,0.0,1.0,0.0,2.024,3.9,0.46951
1.0,1.0,0.0,0.0,2.017,2.37,1.26
1.0,0.0,0.0,1.0,2.023,0.91,0.87
1.0,1.0,0.0,0.0,2.02,1.38,0.3985
0.0,0.0,1.0,0.0,2.02,3.1,0.26
0.0,1.0,0.0,0.0,2.012,1.1,1.4
0.0,0.0,1.0,0.0,2.023,3.89,0.2
0.0,0.0,1.0,0.0,2.01,1.29,0.907
0.0,0.0,1.0,0.0,2.021,2.349,0.3615
0.0,1.0,0.0,0.0,2.023,2.82,0.223
0.0,0.0,1.0,0.0,2.022,4.09,0.465
0.0,0.0,1.0,0.0,2.017,1.85,0.878
0.0,1.0,0.0,0.0,2.022,3.8999,0.63
1.0,0.0,0.0,1.0,2.023,1.3,0.4
0.0,1.0,0.0,0.0,2.02,2.2,0.6
0.0,0.0,0.0,1.0,2.026,1.585,0.077
0.0,0.0,1.0,0.0,2.017,1.35,0.925
0.0,0.0,1.0,0.0,2.012,1.89,1.309
0.0,1.0,0.0,0.0,2.018,2.55,0.515
0.0,1.0,0.0,0.0,2.011,4.3,0.814
0.0,0.0,1.0,0.0,2.014,1.25,0.717
0.0,0.0,0.0,1.0,2.019,1.45,0.41399
0.0,1.0,0.0,0.0,2.023,1.9,0.204
0.0,0.0,1.0,0.0,2.016,1.55,0.7853
0.0,1.0,0.0,0.0,2.019,3.35,0.339
0.0,0.0,0.0,1.0,2.012,1.29,1.265
0.0,0.0,1.0,0.0,2.022,4.09,0.19
0.0,1.0,0.0,0.0,2.016,2.3,1.34
0.0,0.0,1.0,0.0,2.016,1.34,1.5
0.0,0.0,1.0,0.0,2.024,3.699,0.37
0.0,0.0,1.0,0.0,2.02,4.2,0.36
0.0,1.0,0.0,0.0,2.015,1.55,0.60078
0.0,1.0,0.0,0.0,2.017,1.72,0.8
0.0,1.0,0.0,0.0,2.022,1.15,0.30466
0.0,1.0,0.0,0.0,2.015,1.65,0.53
0.0,0.0,0.0,1.0,2.014,1.19,1.27
0.0,1.0,0.0,0.0,2.02,1.76,0.65
1.0,0.0,1.0,0.0,2.023,3.9,0.1
0.0,0.0,1.0,0.0,2.013,1.5,0.925
0.0,0.0,1.0,0.0,2.018,2.45,0.83
0.0,1.0,0.0,0.0,2.017,1.75,0.585
1.0,0.0,1.0,0.0,2.015,1.55,1.2
1.0,0.0,1.0,0.0,2.017,3.3,0.66
0.0,0.0,1.0,0.0,2.017,1.2,0.125
0.0,1.0,0.0,0.0,2.016,2.1,0.675
1.0,0.0,0.0,1.0,2.023,2.9,0.83
0.0,0.0,1.0,0.0,2.021,3.15,0.68
0.0,1.0,0.0,0.0,2.02,2.2,0.449
0.0,0.0,0.0,1.0,2.013,0.69,0.64
0.0,0.0,1.0,0.0,2.02,2.1,0.65
1.0,0.0,1.0,0.0,2.023,3.9,0.1
0.0,0.0,0.0,1.0,2.022,1.55,0.39
0.0,1.0,0.0,0.0,2.021,2.2,0.41162
0.0,0.0,1.0,0.0,2.019,2.1,0.59
0.0,0.0,1.0,0.0,2.023,2.48,0.28
0.0,1.0,0.0,0.0,2.019,1.65,0.83
0.0,0.0,1.0,0.0,2.014,2.39,0.76
0.0,0.0,1.0,0.0,2.013,1.25,1.51
0.0,1.0,0.0,0.0,2.021,2.49,0.82
0.0,0.0,0.0,1.0,2.018,1.3,0.626
0.0,0.0,1.0,0.0,2.018,0.85,0.62
0.0,1.0,0.0,0.0,2.024,2.69,0.1199
0.0,1.0,0.0,0.0,2.014,2.8,0.94
0.0,0.0,1.0,0.0,2.017,3.19,0.27
1.0,0.0,1.0,0.0,2.023,1.87,0.12
1.0,1.0,0.0,0.0,2.021,1.21,0.53558
0.0,0.0,0.0,1.0,2.014,1.5,0.82
0.0,1.0,0.0,0.0,2.019,1.78,0.78
1.0,0.0,1.0,0.0,2.024,2.3,0.12657
0.0,0.0,1.0,0.0,2.019,2.29,0.735
0.0,0.0,1.0,0.0,2.016,1.89,0.7
0.0,1.0,0.0,0.0,2.023,2.13,0.192
0.0,1.0,0.0,0.0,2.017,2.6,0.83
0.0,0.0,1.0,0.0,2.015,1.25,1.22
0.0,0.0,1.0,0.0,2.022,4.39,0.37
1.0,0.0,0.0,1.0,2.019,2.0,1.25
1.0,1.0,0.0,0.0,2.025,2.35,0.3
0.0,1.0,0.0,0.0,2.022,3.1,0.045
0.0,0.0,1.0,0.0,2.014,1.3,0.675
0.0,0.0,1.0,0.0,2.02,2.9,0.69
0.0,1.0,0.0,0.0,2.021,3.5,0.505
1.0,0.0,0.0,1.0,2.02,0.68,0.00105
0.0,0.0,1.0,0.0,2.017,2.2,0.6284
0.0,0.0,1.0,0.0,2.024,1.79,0.1
0.0,0.0,1.0,0.0,2.015,4.2,0.48
0.0,0.0,1.0,0.0,2.02,2.599,0.312
1.0,1.0,0.0,0.0,2.014,1.78,0.925
0.0,1.0,0.0,0.0,2.023,3.8,0.215
0.0,0.0,1.0,0.0,2.026,3.419,0.0125
0.0,1.0,0.0,0.0,2.022,1.599,0.355
0.0,0.0,1.0,0.0,2.021,3.09,0.81
0.0,1.0,0.0,0.0,2.01,0.94,1.25643
1.0,1.0,0.0,0.0,2.014,0.95,0.97
0.0,0.0,1.0,0.0,2.017,2.05,0.62
0.0,0.0,0.0,1.0,2.02,1.15,0.35765
1.0,0.0,0.0,1.0,2.024,1.29,0.004
0.0,0.0,1.0,0.0,2.017,2.999,0.586
0.0,0.0,1.0,0.0,2.026,3.55,0.015
1.0,0.0,0.0,1.0,2.024,2.499,0.14221
0.0,0.0,1.0,0.0,2.015,1.55,0.78
1.0,0.0,0.0,1.0,2.023,1.33,0.73
1.0,1.0,0.0,0.0,2.021,1.55,0.78
0.0,0.0,1.0,0.0,2.013,1.6,1.305
0.0,0.0,1.0,0.0,2.017,1.83,0.51571
0.0,1.0,0.0,0.0,2.017,2.15,0.96254
0.0,0.0,0.0,1.0,2.019,1.35,0.79982
0.0,0.0,0.0,1.0,2.019,1.48,0.27
0.0,0.0,1.0,0.0,2.023,3.35,0.31
1.0,0.0,1.0,0.0,2.018,1.88,0.518
0.0,1.0,0.0,0.0,2.025,3.3,0.0325
0.0,0.0,1.0,0.0,2.01,2.59,0.56
0.0,0.0,0.0,1.0,2.022,1.36,0.41
1.0,0.0,1.0,0.0,2.014,1.39,0.74
0.0,0.0,0.0,1.0,2.014,0.75,0.35
0.0,1.0,0.0,0.0,2.015,1.53,0.82
0.0,1.0,0.0,0.0,2.01,2.0,1.03
0.0,0.0,0.0,1.0,2.024,1.229,0.27
0.0,0.0,1.0,0.0,2.024,1.66,0.03
0.0,0.0,1.0,0.0,2.014,1.1,0.79
0.0,0.0,0.0,1.0,2.018,2.5,0.01
0.0,0.0,1.0,0.0,2.017,1.98,0.205
0.0,0.0,0.0,1.0,2.009,0.85,0.76
0.0,0.0,1.0,0.0,2.014,1.499,0.92765
0.0,1.0,0.0,0.0,2.017,2.5,0.9
0.0,0.0,1.0,0.0,2.023,2.839,0.38
0.0,1.0,0.0,0.0,2.016,1.19,0.37
0.0,0.0,0.0,1.0,2.022,1.7,0.33
0.0,0.0,1.0,0.0,2.022,4.05,0.209
1.0,0.0,0.0,1.0,2.023,1.63,0.6
1.0,1.0,0.0,0.0,2.012,0.88,1.24
0.0,1.0,0.0,0.0,2.016,1.7,0.41
0.0,0.0,1.0,0.0,2.018,2.89,0.69
1.0,0.0,1.0,0.0,2.024,3.5,0.09
0.0,0.0,1.0,0.0,2.016,1.4,0.892
0.0,0.0,1.0,0.0,2.018,1.99,0.63
0.0,1.0,0.0,0.0,2.023,2.75,0.255
1.0,0.0,0.0,1.0,2.025,1.2,0.35
1.0,0.0,1.0,0.0,2.016,1.07,0.78
0.0,0.0,1.0,0.0,2.014,1.29,1.1
0.0,0.0,1.0,0.0,2.01,0.89,0.96
0.0,0.0,1.0,0.0,2.026,3.73,0.053
0.0,0.0,1.0,0.0,2.018,2.89,0.595
0.0,0.0,0.0,1.0,2.017,0.82,0.6
0.0,1.0,0.0,0.0,2.023,2.1,0.225
0.0,1.0,0.0,0.0,2.022,1.25,0.585
0.0,0.0,0.0,1.0,2.022,1.25,0.31
0.0,0.0,1.0,0.0,2.022,1.32,0.327
0.0,1.0,0.0,0.0,2.023,3.7,0.34593
0.0,0.0,1.0,0.0,2.018,2.25,0.18
0.0,1.0,0.0,0.0,2.023,2.3,0.335
0.0,0.0,1.0,0.0,2.017,2.19,0.7
0.0,0.0,1.0,0.0,2.018,1.15,0.77
0.0,0.0,1.0,0.0,2.012,1.15,0.87
1.0,0.0,0.0,1.0,2.023,2.536,0.09
0.0,0.0,0.0,1.0,2.012,0.97,0.10411
0.0,1.0,0.0,0.0,2.015,1.3,1.5
0.0,0.0,1.0,0.0,2.012,1.69,0.69
0.0,0.0,1.0,0.0,2.017,1.29,0.45
1.0,0.0,0.0,1.0,2.016,0.85,1.0
0.0,0.0,1.0,0.0,2.023,1.65,0.6
0.0,1.0,0.0,0.0,2.014,1.2499,0.5893
0.0,0.0,1.0,0.0,2.02,2.1,0.49
0.0,0.0,0.0,1.0,2.022,1.6,0.26689
0.0,0.0,1.0,0.0,2.023,2.49,0.216
0.0,0.0,1.0,0.0,2.016,1.9,0.88
0.0,0.0,1.0,0.0,2.013,1.3,0.96
0.0,0.0,0.0,1.0,2.024,1.75,0.62
0.0,1.0,0.0,0.0,2.026,2.6,0.026
0.0,0.0,0.0,1.0,2.018,1.48,0.78
1.0,0.0,0.0,1.0,2.019,1.15,0.42582
1.0,0.0,1.0,0.0,2.014,2.05,1.115
0.0,0.0,1.0,0.0,2.024,2.05,0.28
0.0,0.0,0.0,1.0,2.019,1.59,1.2
0.0,1.0,0.0,0.0,2.017,0.94,0.91
1.0,0.0,0.0,1.0,2.019,1.036,0.844
0.0,0.0,1.0,0.0,2.016,3.39,0.93121
0.0,1.0,0.0,0.0,2.011,1.2,1.145
0.0,0.0,1.0,0.0,2.016,2.05,0.7
0.0,0.0,0.0,1.0,2.023,1.45,0.44
0.0,1.0,0.0,0.0,2.016,3.0,0.295
1.0,0.0,0.0,1.0,2.025,3.3,0.0275
0.0,1.0,0.0,0.0,2.017,2.7,0.58
0.0,0.0,0.0,1.0,2.019,3.05,0.4409
0.0,0.0,1.0,0.0,2.014,1.23,0.6335
0.0,0.0,1.0,0.0,2.017,1.55,0.192
0.0,0.0,1.0,0.0,2.016,1.8,0.96
0.0,0.0,1.0,0.0,2.015,4.2,0.574
0.0,1.0,0.0,0.0,2.022,3.6,0.18
1.0,0.0,0.0,1.0,2.024,1.45,0.6
1.0,0.0,0.0,1.0,2.024,1.06,0.35
1.0,1.0,0.0,0.0,2.01,0.999,0.8675
0.0,1.0,0.0,0.0,2.02,2.29,0.7
0.0,0.0,1.0,0.0,2.013,1.11,0.92
0.0,0.0,0.0,1.0,2.014,1.5,0.00078
0.0,1.0,0.0,0.0,2.016,2.1,0.82
0.0,1.0,0.0,0.0,2.016,1.54,0.93
0.0,1.0,0.0,0.0,2.009,0.92,1.435
1.0,0.0,0.0,1.0,2.016,1.15,0.9686
0.0,0.0,1.0,0.0,2.018,1.98,0.075
0.0,1.0,0.0,0.0,2.014,1.4,1.46
0.0,0.0,0.0,1.0,2.014,1.05,0.66
0.0,1.0,0.0,0.0,2.017,1.69,0.78411
0.0,0.0,1.0,0.0,2.015,1.6,1.0
0.0,1.0,0.0,0.0,2.015,2.49,1.1
0.0,1.0,0.0,0.0,2.015,1.25,0.75
0.0,1.0,0.0,0.0,2.018,1.59,0.73211
0.0,1.0,0.0,0.0,2.022,1.68,0.645
0.0,1.0,0.0,0.0,2.014,1.18,0.44
0.0,0.0,1.0,0.0,2.023,3.15,0.0095
1.0,0.0,1.0,0.0,2.022,1.2,0.365
0.0,0.0,1.0,0.0,2.014,1.45,1.04649
0.0,1.0,0.0,0.0,2.023,3.299,0.24202
0.0,0.0,1.0,0.0,2.014,1.39,0.619
0.0,0.0,1.0,0.0,2.021,3.5,0.587
0.0,1.0,0.0,0.0,2.022,2.189,0.255
0.0,1.0,0.0,0.0,2.02,2.389,0.972
0.0,0.0,1.0,0.0,2.019,3.05,0.547
0.0,0.0,1.0,0.0,2.017,3.19,0.58
0.0,0.0,1.0,0.0,2.023,3.949,0.284
0.0,1.0,0.0,0.0,2.022,2.889,0.164
0.0,1.0,0.0,0.0,2.018,2.999,0.403
0.0,0.0,1.0,0.0,2.022,3.725,0.5
0.0,0.0,1.0,0.0,2.016,2.999,1.138
0.0,0.0,1.0,0.0,2.015,4.5,0.656
0.0,1.0,0.0,0.0,2.017,2.049,1.076
0.0,0.0,1.0,0.0,2.019,3.599,0.524
0.0,0.0,1.0,0.0,2.013,2.59,0.412
0.0,0.0,1.0,0.0,2.022,2.75,0.39
0.0,0.0,0.0,1.0,2.018,1.05,0.81
0.0,1.0,0.0,0.0,2.016,1.65,0.495
0.0,1.0,0.0,0.0,2.018,2.7,0.7
0.0,0.0,1.0,0.0,2.015,1.35,1.36
0.0,0.0,1.0,0.0,2.022,1.85,0.5
0.0,0.0,1.0,0.0,2.022,3.25,0.499
0.0,0.0,0.0,1.0,2.023,1.6,0.1444
0.0,0.0,1.0,0.0,2.012,1.3,1.1
0.0,0.0,0.0,1.0,2.016,0.95,1.28
0.0,0.0,0.0,1.0,2.014,0.95,1.16
1.0,0.0,0.0,1.0,2.022,1.33,0.42
0.0,1.0,0.0,0.0,2.022,2.15,0.66775
1.0,0.0,0.0,1.0,2.023,2.38,0.25
0.0,1.0,0.0,0.0,2.01,0.975,0.826
0.0,1.0,0.0,0.0,2.023,1.63,0.32
0.0,0.0,1.0,0.0,2.023,3.699,0.14
0.0,0.0,1.0,0.0,2.024,2.39,0.268
1.0,0.0,0.0,1.0,2.023,2.9,0.31
1.0,0.0,1.0,0.0,2.024,1.35,0.5
0.0,1.0,0.0,0.0,2.013,2.03,0.88439
0.0,0.0,1.0,0.0,2.022,2.349,0.328
0.0,0.0,1.0,0.0,2.025,3.29,0.105
1.0,0.0,0.0,1.0,2.024,2.695,0.8
0.0,1.0,0.0,0.0,2.014,1.29,1.24
0.0,0.0,0.0,1.0,2.014,0.83,0.42
0.0,0.0,1.0,0.0,2.018,3.58,0.622
0.0,0.0,1.0,0.0,2.015,2.15,0.57
0.0,1.0,0.0,0.0,2.017,1.75,0.63
0.0,0.0,1.0,0.0,2.013,1.2,0.95
0.0,1.0,0.0,0.0,2.023,1.49,0.43
0.0,1.0,0.0,0.0,2.023,1.72,0.185
0.0,1.0,0.0,0.0,2.023,2.3,0.35
0.0,1.0,0.0,0.0,2.016,1.3999,0.7989
0.0,0.0,1.0,0.0,2.018,2.59,0.52767
0.0,0.0,1.0,0.0,2.019,2.45,0.8
0.0,0.0,1.0,0.0,2.015,1.27,0.82
0.0,1.0,0.0,0.0,2.022,1.69,0.6
0.0,0.0,1.0,0.0,2.017,1.15,0.8
0.0,0.0,1.0,0.0,2.015,1.13,0.94
0.0,0.0,0.0,1.0,2.012,0.94,0.8325
0.0,0.0,1.0,0.0,2.015,1.38,1.04
0.0,0.0,1.0,0.0,2.024,1.65,0.0725
1.0,0.0,0.0,1.0,2.021,2.952,0.96161
1.0,1.0,0.0,0.0,2.022,1.69,0.43666
1.0,1.0,0.0,0.0,2.021,1.94,0.53
0.0,0.0,1.0,0.0,2.017,1.95,1.05
0.0,0.0,1.0,0.0,2.022,4.38,0.35
0.0,0.0,0.0,1.0,2.017,1.329,0.84
0.0,0.0,1.0,0.0,2.011,1.59,0.407
1.0,0.0,1.0,0.0,2.025,2.6,0.018
0.0,0.0,1.0,0.0,2.019,2.5,0.45245
0.0,1.0,0.0,0.0,2.02,2.2,0.73
0.0,1.0,0.0,0.0,2.02,2.45,0.38185
0.0,0.0,0.0,1.0,2.013,0.85,1.0
1.0,0.0,0.0,1.0,2.014,1.65,1.257
0.0,1.0,0.0,0.0,2.007,0.695,0.895
0.0,0.0,1.0,0.0,2.026,3.3,0.076
0.0,1.0,0.0,0.0,2.016,2.1,0.91
0.0,0.0,1.0,0.0,2.015,1.4,0.69555
0.0,0.0,1.0,0.0,2.022,2.59,0.475
0.0,1.0,0.0,0.0,2.022,1.5,0.34
0.0,0.0,1.0,0.0,2.023,2.25,0.079
1.0,0.0,1.0,0.0,2.022,1.9,0.39
0.0,1.0,0.0,0.0,2.014,1.55,0.8823
0.0,1.0,0.0,0.0,2.023,3.68,0.165
1.0,0.0,0.0,1.0,2.022,1.285,0.8
1.0,0.0,1.0,0.0,2.015,3.0,0.48
0.0,0.0,1.0,0.0,2.017,2.55,0.7
0.0,0.0,1.0,0.0,2.024,2.2,0.13
0.0,0.0,0.0,1.0,2.023,0.9899,0.7
0.0,0.0,1.0,0.0,2.019,1.95,0.85
0.0,1.0,0.0,0.0,2.024,1.49,0.06
0.0,1.0,0.0,0.0,2.023,1.75,0.305
0.0,0.0,1.0,0.0,2.008,0.7,1.23
0.0,1.0,0.0,0.0,2.026,2.19,0.007
0.0,0.0,1.0,0.0,2.021,2.4,0.49
0.0,0.0,1.0,0.0,2.022,4.38,0.35
0.0,0.0,1.0,0.0,2.017,2.79,0.79
0.0,0.0,1.0,0.0,2.02,2.7,0.144
0.0,0.0,1.0,0.0,2.023,1.799,0.335
1.0,0.0,0.0,1.0,2.021,1.135,0.38221
0.0,1.0,0.0,0.0,2.017,0.865,0.57
0.0,0.0,1.0,0.0,2.014,1.99,1.52
1.0,0.0,0.0,1.0,2.021,1.05,0.75
0.0,0.0,1.0,0.0,2.017,1.89,0.604
0.0,1.0,0.0,0.0,2.02,2.1,0.33
0.0,0.0,1.0,0.0,2.017,1.75,0.71
0.0,0.0,1.0,0.0,2.018,2.89,0.35
1.0,0.0,1.0,0.0,2.013,0.94,1.03
0.0,0.0,1.0,0.0,2.02,1.9,0.51
0.0,0.0,1.0,0.0,2.018,2.19,0.15463
0.0,0.0,1.0,0.0,2.016,1.8,0.65
0.0,0.0,0.0,1.0,2.022,0.96,0.24197
0.0,0.0,1.0,0.0,2.018,2.48,0.623
1.0,0.0,0.0,1.0,2.023,1.67,0.4014
0.0,1.0,0.0,0.0,2.01,0.85,0.9
0.0,0.0,1.0,0.0,2.024,2.08,0.438
0.0,0.0,1.0,0.0,2.014,1.65,0.47
0.0,0.0,1.0,0.0,2.015,1.1999,1.2
0.0,0.0,1.0,0.0,2.021,1.399,0.638
0.0,0.0,0.0,1.0,2.015,1.17,0.91
0.0,1.0,0.0,0.0,2.022,1.9,0.29
0.0,1.0,0.0,0.0,2.012,1.26,1.345
0.0,0.0,0.0,1.0,2.016,1.17,0.16567
0.0,0.0,0.0,1.0,2.02,1.18,0.52
0.0,0.0,1.0,0.0,2.015,3.3,0.76
0.0,0.0,1.0,0.0,2.016,2.0,0.23
0.0,0.0,0.0,1.0,2.015,0.9,0.84578
0.0,0.0,1.0,0.0,2.023,3.09,0.23
0.0,0.0,1.0,0.0,2.015,1.5,0.98
0.0,0.0,1.0,0.0,2.019,2.13,0.18
0.0,0.0,1.0,0.0,2.019,1.89,0.24
0.0,0.0,0.0,1.0,2.021,0.99,0.694
1.0,0.0,1.0,0.0,2.019,3.65,0.22
0.0,1.0,0.0,0.0,2.023,3.73,0.135
0.0,1.0,0.0,0.0,2.022,1.79,0.43
0.0,0.0,0.0,1.0,2.02,1.19,0.445
1.0,0.0,1.0,0.0,2.023,1.99,0.006
0.0,0.0,1.0,0.0,2.015,1.35,0.326
0.0,0.0,0.0,1.0,2.016,1.28,0.7
0.0,0.0,1.0,0.0,2.013,0.95,0.96
0.0,1.0,0.0,0.0,2.018,1.92,0.635
0.0,0.0,0.0,1.0,2.024,1.03,0.002
1.0,0.0,0.0,1.0,2.023,2.88,0.685
0.0,0.0,1.0,0.0,2.017,1.55,0.78
0.0,0.0,1.0,0.0,2.016,1.595,0.65
1.0,0.0,0.0,1.0,2.023,1.5,0.49
0.0,1.0,0.0,0.0,2.013,1.2,0.46
0.0,1.0,0.0,0.0,2.023,1.6999,0.17
0.0,1.0,0.0,0.0,2.016,1.4,1.051
0.0,0.0,1.0,0.0,2.022,2.89,0.186
0.0,0.0,1.0,0.0,2.023,3.75,0.35
0.0,0.0,1.0,0.0,2.015,1.45,0.842
0.0,0.0,0.0,1.0,2.016,1.35,0.46
0.0,1.0,0.0,0.0,2.023,1.69,0.16
0.0,0.0,1.0,0.0,2.017,2.39,0.53
0.0,0.0,1.0,0.0,2.016,2.1,0.9
0.0,0.0,1.0,0.0,2.02,2.8,0.46
0.0,1.0,0.0,0.0,2.018,2.05,0.43
0.0,1.0,0.0,0.0,2.008,0.89,1.18979
0.0,0.0,1.0,0.0,2.023,3.0,0.55
0.0,1.0,0.0,0.0,2.023,2.2,0.19
1.0,1.0,0.0,0.0,2.022,1.08,0.7
0.0,0.0,0.0,1.0,2.023,1.7,0.5
0.0,0.0,1.0,0.0,2.023,2.15,0.34
0.0,0.0,1.0,0.0,2.018,1.35,0.795
0.0,0.0,1.0,0.0,2.018,1.85,0.60838
0.0,0.0,0.0,1.0,2.019,1.3,0.635
0.0,0.0,1.0,0.0,2.02,1.585,0.515
0.0,1.0,0.0,0.0,2.012,1.3,0.7525
0.0,0.0,1.0,0.0,2.021,2.38,0.65
0.0,0.0,1.0,0.0,2.02,1.8,0.278
0.0,0.0,1.0,0.0,2.021,2.7,0.219
0.0,1.0,0.0,0.0,2.023,2.1,0.13212
1.0,0.0,0.0,1.0,2.016,0.96,0.91686
0.0,1.0,0.0,0.0,2.023,2.65,0.31175
1.0,1.0,0.0,0.0,2.014,1.07,1.635
0.0,0.0,0.0,1.0,2.022,1.87,0.13
0.0,0.0,1.0,0.0,2.017,2.05,1.03
0.0,1.0,0.0,0.0,2.016,3.49,0.465
1.0,0.0,0.0,1.0,2.02,2.1,0.85
0.0,0.0,1.0,0.0,2.013,1.68,0.93
0.0,0.0,1.0,0.0,2.012,1.1,1.04
0.0,0.0,1.0,0.0,2.018,2.35,0.45
0.0,0.0,1.0,0.0,2.019,1.38,0.53
0.0,0.0,1.0,0.0,2.019,2.3,0.35
0.0,0.0,1.0,0.0,2.015,1.6,1.485
0.0,1.0,0.0,0.0,2.021,2.75,0.53611
0.0,0.0,0.0,1.0,2.016,1.637,0.51641
0.0,0.0,0.0,1.0,2.023,1.55,0.172
0.0,0.0,0.0,1.0,2.01,0.5,0.8959
0.0,0.0,1.0,0.0,2.025,2.29,0.062
0.0,1.0,0.0,0.0,2.014,3.1,1.53
0.0,0.0,1.0,0.0,2.018,1.55,0.92
1.0,1.0,0.0,0.0,2.025,2.6,0.025
0.0,0.0,1.0,0.0,2.018,1.45,1.445
0.0,0.0,0.0,1.0,2.013,0.94,0.62
1.0,1.0,0.0,0.0,2.014,1.15,1.3
0.0,0.0,1.0,0.0,2.015,1.59,0.82
0.0,1.0,0.0,0.0,2.017,1.6,0.59155
0.0,0.0,1.0,0.0,2.011,1.0,1.2
0.0,0.0,0.0,1.0,2.013,1.09,0.97
0.0,0.0,1.0,0.0,2.017,1.19,0.79
0.0,0.0,1.0,0.0,2.017,1.69,1.25
0.0,1.0,0.0,0.0,2.024,1.69,0.071
0.0,1.0,0.0,0.0,2.014,1.3,0.887
1.0,0.0,0.0,1.0,2.023,1.4,0.39
0.0,0.0,0.0,1.0,2.017,1.29,0.32
0.0,0.0,1.0,0.0,2.021,1.83,0.23
0.0,0.0,1.0,0.0,2.019,4.0,0.65
0.0,1.0,0.0,0.0,2.019,1.5,0.79
0.0,0.0,0.0,1.0,2.021,1.65,0.91665
0.0,0.0,1.0,0.0,2.024,1.845,0.011
1.0,0.0,0.0,1.0,2.01,0.7,1.55
0.0,1.0,0.0,0.0,2.018,1.59,0.92
0.0,1.0,0.0,0.0,2.011,2.0,1.09978
0.0,1.0,0.0,0.0,2.016,1.7,0.8
0.0,0.0,1.0,0.0,2.016,1.59,0.76
1.0,0.0,1.0,0.0,2.022,4.25,0.53348
0.0,1.0,0.0,0.0,2.025,2.59,0.02
1.0,0.0,0.0,1.0,2.021,1.26,0.532
1.0,0.0,1.0,0.0,2.023,2.09,0.92
0.0,0.0,1.0,0.0,2.015,1.29,0.86
0.0,0.0,1.0,0.0,2.026,2.2,0.044
1.0,0.0,1.0,0.0,2.023,1.85,0.32
0.0,0.0,1.0,0.0,2.015,1.59,0.85
1.0,0.0,0.0,1.0,2.023,3.24,0.55
0.0,0.0,1.0,0.0,2.019,1.85,0.62
0.0,0.0,1.0,0.0,2.017,2.4,1.02
1.0,0.0,0.0,1.0,2.023,1.02,0.75
1.0,1.0,0.0,0.0,2.018,0.9999,1.3
0.0,0.0,1.0,0.0,2.022,2.1,1.05
0.0,0.0,1.0,0.0,2.019,1.98,0.24
0.0,0.0,1.0,0.0,2.022,2.05,0.44
1.0,1.0,0.0,0.0,2.018,2.09,0.67
0.0,1.0,0.0,0.0,2.022,1.94,0.45
0.0,0.0,1.0,0.0,2.024,4.09,0.113
0.0,0.0,1.0,0.0,2.022,2.19,0.946
0.0,0.0,1.0,0.0,2.018,1.9,0.56
0.0,0.0,0.0,1.0,2.016,1.48,0.93
1.0,0.0,1.0,0.0,2.022,1.895,0.38
0.0,0.0,1.0,0.0,2.017,1.79,0.75
0.0,0.0,1.0,0.0,2.023,3.39,0.39
0.0,1.0,0.0,0.0,2.025,2.3,0.31
0.0,0.0,0.0,1.0,2.014,1.18,1.26339
0.0,0.0,1.0,0.0,2.016,1.5999,0.001
1.0,0.0,1.0,0.0,2.019,1.795,0.47
0.0,1.0,0.0,0.0,2.017,1.39,0.96
1.0,0.0,0.0,1.0,2.023,3.0,0.70581
1.0,0.0,1.0,0.0,2.008,0.85,1.63946
1.0,0.0,0.0,1.0,2.02,1.4,1.12
0.0,0.0,1.0,0.0,2.018,2.39,0.539
1.0,0.0,0.0,1.0,2.021,0.68,0.8
0.0,0.0,1.0,0.0,2.021,2.99,0.62
0.0,0.0,1.0,0.0,2.01,0.95,1.48
0.0,0.0,1.0,0.0,2.023,2.75,0.17
0.0,0.0,0.0,1.0,2.014,1.19,1.3296
0.0,0.0,1.0,0.0,2.018,1.35,0.61
0.0,0.0,1.0,0.0,2.019,1.45,0.614
1.0,0.0,0.0,1.0,2.018,0.6,1.39
1.0,0.0,0.0,1.0,2.018,1.57,1.5
0.0,0.0,0.0,1.0,2.015,1.03,0.075
0.0,0.0,1.0,0.0,2.013,1.45,1.25
0.0,0.0,1.0,0.0,2.017,3.49,0.98169
0.0,0.0,1.0,0.0,2.02,3.6,0.63
0.0,0.0,1.0,0.0,2.018,1.62,0.88571
0.0,0.0,0.0,1.0,2.02,0.75,0.63
0.0,0.0,1.0,0.0,2.018,4.2,0.31
0.0,0.0,1.0,0.0,2.019,3.39,0.28
0.0,0.0,1.0,0.0,2.014,1.4,0.306
0.0,0.0,1.0,0.0,2.017,1.75,0.46
0.0,0.0,1.0,0.0,2.015,2.7,0.38
0.0,0.0,0.0,1.0,2.016,1.2,0.3065
1.0,0.0,1.0,0.0,2.012,1.3,1.05
0.0,0.0,1.0,0.0,2.017,1.39,0.8
0.0,0.0,0.0,1.0,2.023,1.54,0.5
0.0,0.0,1.0,0.0,2.014,1.29,0.6
0.0,0.0,1.0,0.0,2.016,1.8,0.38
0.0,0.0,1.0,0.0,2.024,1.12,0.27
0.0,0.0,1.0,0.0,2.019,2.03,0.394
0.0,0.0,1.0,0.0,2.024,2.7,0.11
0.0,1.0,0.0,0.0,2.014,1.12,1.115
0.0,0.0,1.0,0.0,2.017,1.83,0.86
0.0,0.0,1.0,0.0,2.02,2.56,0.50608
0.0,1.0,0.0,0.0,2.023,4.2,0.45
0.0,0.0,1.0,0.0,2.013,1.02,0.71789
0.0,1.0,0.0,0.0,2.014,1.42,0.925
0.0,0.0,1.0,0.0,2.015,2.15,0.865
0.0,0.0,1.0,0.0,2.013,1.15,0.93605
0.0,1.0,0.0,0.0,2.022,2.78,0.37
0.0,0.0,1.0,0.0,2.022,1.63,0.645
1.0,0.0,0.0,1.0,2.016,1.0,0.78
0.0,0.0,0.0,1.0,2.02,1.48,0.472
0.0,1.0,0.0,0.0,2.019,1.2,0.79
1.0,0.0,1.0,0.0,2.013,1.0,1.22
0.0,1.0,0.0,0.0,2.009,0.97,0.975
1.0,0.0,0.0,1.0,2.021,0.98,0.8
0.0,1.0,0.0,0.0,2.022,3.1,0.411
1.0,0.0,0.0,1.0,2.017,1.75,1.30455
0.0,0.0,1.0,0.0,2.019,1.84,0.428
0.0,1.0,0.0,0.0,2.02,1.55,0.275
1.0,0.0,1.0,0.0,2.024,3.64,0.132
0.0,1.0,0.0,0.0,2.023,1.87,0.055
0.0,0.0,1.0,0.0,2.013,0.99,0.002
1.0,0.0,1.0,0.0,2.021,2.4,0.76
1.0,0.0,0.0,1.0,2.014,1.0,1.5
1.0,1.0,0.0,0.0,2.015,1.8,1.32
1.0,0.0,0.0,1.0,2.022,1.7,0.561
0.0,0.0,0.0,1.0,2.024,1.15,0.29
0.0,0.0,1.0,0.0,2.025,2.44,0.24
0.0,1.0,0.0,0.0,2.019,1.95,0.31
0.0,0.0,1.0,0.0,2.018,1.6,0.61
0.0,1.0,0.0,0.0,2.01,1.0,1.48
0.0,1.0,0.0,0.0,2.02,1.49,1.265
0.0,0.0,1.0,0.0,2.015,1.35,0.97
0.0,0.0,1.0,0.0,2.008,1.28,0.42
0.0,0.0,1.0,0.0,2.021,1.9,0.57
0.0,0.0,1.0,0.0,2.02,2.1,0.55
0.0,0.0,1.0,0.0,2.015,2.2,0.8
1.0,0.0,0.0,1.0,2.023,1.95,0.405
0.0,0.0,0.0,1.0,2.022,1.1,0.355
0.0,1.0,0.0,0.0,2.014,1.0,0.81
1.0,0.0,0.0,1.0,2.023,1.36,0.41
0.0,0.0,1.0,0.0,2.017,1.19,0.98
0.0,1.0,0.0,0.0,2.024,3.149,0.202
0.0,1.0,0.0,0.0,2.022,3.45,0.164
0.0,1.0,0.0,0.0,2.016,1.4,0.85
0.0,0.0,1.0,0.0,2.013,1.5,1.19
0.0,0.0,1.0,0.0,2.023,2.38,0.16
0.0,0.0,1.0,0.0,2.019,1.51,0.42
1.0,0.0,0.0,1.0,2.025,1.0,0.44
0.0,0.0,1.0,0.0,2.023,1.8,0.5255
0.0,1.0,0.0,0.0,2.024,2.23,0.186
0.0,1.0,0.0,0.0,2.01,0.98,0.62
1.0,0.0,0.0,1.0,2.008,1.43,0.75
0.0,0.0,0.0,1.0,2.013,2.59,0.63
0.0,0.0,1.0,0.0,2.014,2.199,0.76
1.0,0.0,0.0,1.0,2.02,1.3,0.748
0.0,0.0,1.0,0.0,2.015,1.675,0.84
1.0,0.0,0.0,1.0,2.025,1.25,0.11
0.0,0.0,0.0,1.0,2.011,0.24,1.44385
0.0,0.0,1.0,0.0,2.022,1.2,0.14
0.0,0.0,1.0,0.0,2.013,3.1,0.00121
0.0,0.0,1.0,0.0,2.015,2.7,0.387
1.0,0.0,0.0,1.0,2.022,1.02,0.7
0.0,0.0,0.0,1.0,2.015,0.75,1.49
0.0,0.0,1.0,0.0,2.023,1.55,0.387
1.0,0.0,0.0,1.0,2.02,1.1,0.88169
1.0,1.0,0.0,0.0,2.009,1.0,0.943
0.0,0.0,1.0,0.0,2.015,2.4,1.35
1.0,0.0,0.0,1.0,2.021,1.36,0.43
0.0,0.0,1.0,0.0,2.023,2.93,0.36
0.0,0.0,1.0,0.0,2.01,1.25,0.975
0.0,0.0,1.0,0.0,2.018,2.35,1.35
0.0,0.0,1.0,0.0,2.012,0.85,0.55
0.0,1.0,0.0,0.0,2.01,0.82,1.625
1.0,0.0,1.0,0.0,2.016,1.65,1.15
0.0,1.0,0.0,0.0,2.013,1.05,1.39
0.0,0.0,1.0,0.0,2.008,0.89,1.23
0.0,1.0,0.0,0.0,2.015,1.0,0.54414
0.0,0.0,1.0,0.0,2.011,1.1,0.96
0.0,0.0,1.0,0.0,2.019,3.18,0.91
0.0,0.0,1.0,0.0,2.018,1.5899,0.565
0.0,0.0,1.0,0.0,2.016,1.7,0.85
0.0,0.0,1.0,0.0,2.015,1.45,0.91
0.0,0.0,1.0,0.0,2.024,1.5,0.024
0.0,0.0,1.0,0.0,2.02,1.73,0.88
0.0,0.0,1.0,0.0,2.017,2.15,0.57
0.0,1.0,0.0,0.0,2.02,1.9,0.24
1.0,0.0,0.0,1.0,2.022,4.15,0.304
0.0,1.0,0.0,0.0,2.019,2.05,1.043
0.0,0.0,1.0,0.0,2.019,4.3,1.0
0.0,0.0,0.0,1.0,2.012,0.7,1.5
1.0,0.0,0.0,1.0,2.023,1.69,0.55
1.0,0.0,0.0,1.0,2.023,1.09,0.59
0.0,0.0,1.0,0.0,2.011,1.05,0.924
0.0,0.0,1.0,0.0,2.017,2.0,0.34
0.0,1.0,0.0,0.0,2.014,1.29,0.617
0.0,1.0,0.0,0.0,2.025,1.95,0.08
0.0,0.0,0.0,1.0,2.009,0.53,0.85
0.0,0.0,1.0,0.0,2.021,2.3,0.56
1.0,0.0,0.0,1.0,2.025,1.2,0.445
0.0,0.0,1.0,0.0,2.017,1.69,0.63
0.0,0.0,1.0,0.0,2.024,2.65,0.303
0.0,0.0,0.0,1.0,2.014,1.35,0.96
1.0,1.0,0.0,0.0,2.023,4.35,0.285
0.0,1.0,0.0,0.0,2.019,1.99,0.2
1.0,0.0,0.0,1.0,2.022,2.55,0.81
0.0,0.0,1.0,0.0,2.012,1.04,0.82
0.0,0.0,1.0,0.0,2.022,3.15,0.267
0.0,1.0,0.0,0.0,2.023,2.6,0.21345
0.0,1.0,0.0,0.0,2.016,1.17,0.96
0.0,0.0,0.0,1.0,2.023,2.12,0.32
1.0,0.0,0.0,1.0,2.018,3.5,1.3
1.0,0.0,1.0,0.0,2.024,3.7,0.197
0.0,0.0,1.0,0.0,2.015,1.25,0.406
0.0,1.0,0.0,0.0,2.017,1.7,0.62
0.0,0.0,1.0,0.0,2.02,2.39,0.3525
0.0,0.0,0.0,1.0,2.016,0.6,1.04
0.0,1.0,0.0,0.0,2.012,1.25,0.465
0.0,0.0,0.0,1.0,2.016,1.53,0.364
0.0,0.0,1.0,0.0,2.022,1.76,0.31
1.0,0.0,1.0,0.0,2.017,0.88,1.236
1.0,1.0,0.0,0.0,2.024,1.49,0.195
0.0,1.0,0.0,0.0,2.012,1.1,0.96
0.0,0.0,1.0,0.0,2.019,2.25,0.63
0.0,0.0,1.0,0.0,2.018,1.59,0.9
0.0,1.0,0.0,0.0,2.022,3.15,0.7
1.0,0.0,0.0,1.0,2.023,1.05,0.718
0.0,1.0,0.0,0.0,2.024,1.895,0.12
0.0,1.0,0.0,0.0,2.021,2.53,0.61
0.0,0.0,1.0,0.0,2.017,2.42,0.72
1.0,0.0,0.0,1.0,2.01,0.93,1.49161
0.0,0.0,0.0,1.0,2.013,1.0,1.25
0.0,0.0,1.0,0.0,2.018,2.1,0.715
0.0,0.0,1.0,0.0,2.016,3.85,0.46
0.0,0.0,0.0,1.0,2.015,1.4,0.45
0.0,0.0,1.0,0.0,2.015,1.5,0.77
0.0,0.0,0.0,1.0,2.017,0.925,1.19
0.0,0.0,1.0,0.0,2.024,3.83,0.07853
0.0,0.0,1.0,0.0,2.015,1.85,0.86
0.0,0.0,1.0,0.0,2.024,2.055,0.25543
0.0,0.0,0.0,1.0,2.023,1.58,0.252
0.0,0.0,1.0,0.0,2.019,2.38,0.772
1.0,0.0,0.0,1.0,2.012,0.845,1.13
1.0,0.0,0.0,1.0,2.016,0.52,1.43
0.0,0.0,1.0,0.0,2.017,2.5499,0.725
0.0,0.0,0.0,1.0,2.009,0.65,0.945
0.0,0.0,1.0,0.0,2.016,1.19,0.31
0.0,0.0,1.0,0.0,2.024,1.52,0.062
1.0,0.0,0.0,1.0,2.023,2.8,0.64
0.0,0.0,1.0,0.0,2.013,1.45,1.23
0.0,0.0,1.0,0.0,2.015,1.4,0.88216
0.0,0.0,0.0,1.0,2.013,0.595,1.2
1.0,0.0,0.0,1.0,2.024,2.2,0.50128
0.0,0.0,1.0,0.0,2.008,1.58,0.62
0.0,0.0,1.0,0.0,2.024,1.85,0.0019
1.0,0.0,1.0,0.0,2.026,1.9,0.125
0.0,1.0,0.0,0.0,2.014,1.0,0.82
0.0,0.0,1.0,0.0,2.025,1.88,0.101
1.0,0.0,0.0,1.0,2.027,4.399,0.0005
0.0,0.0,0.0,1.0,2.017,1.69,0.995
0.0,0.0,0.0,1.0,2.015,1.24,0.89
0.0,1.0,0.0,0.0,2.011,1.7,0.85
0.0,0.0,1.0,0.0,2.017,1.66,0.858
1.0,0.0,0.0,1.0,2.013,0.685,1.23
0.0,0.0,1.0,0.0,2.02,3.6,0.71
0.0,0.0,0.0,1.0,2.02,1.099,0.8
0.0,0.0,0.0,1.0,2.012,1.2,0.82
1.0,0.0,0.0,1.0,2.021,0.95,0.8
1.0,0.0,1.0,0.0,2.008,0.6,1.46
0.0,0.0,0.0,1.0,2.018,1.545,0.7
0.0,1.0,0.0,0.0,2.017,1.725,0.35
0.0,0.0,1.0,0.0,2.011,1.15,1.56
0.0,0.0,1.0,0.0,2.019,2.4,0.58
1.0,1.0,0.0,0.0,2.015,1.48,1.2
0.0,0.0,1.0,0.0,2.017,2.15,0.63
0.0,0.0,0.0,1.0,2.023,1.2,0.89
0.0,0.0,1.0,0.0,2.017,1.7,0.344
0.0,0.0,1.0,0.0,2.022,2.87,0.465
0.0,1.0,0.0,0.0,2.017,1.77,0.3
1.0,0.0,0.0,1.0,2.022,2.4,1.13
0.0,0.0,1.0,0.0,2.018,2.68,0.41
0.0,0.0,0.0,1.0,2.015,0.89,0.64
0.0,1.0,0.0,0.0,2.018,1.7,1.5254
0.0,0.0,0.0,1.0,2.021,1.25,0.39
0.0,1.0,0.0,0.0,2.026,4.199,0.0005
1.0,0.0,0.0,1.0,2.025,4.05,0.11
0.0,0.0,0.0,1.0,2.023,1.35,0.65
0.0,1.0,0.0,0.0,2.015,1.45,1.0
0.0,0.0,1.0,0.0,2.018,2.29,0.55
0.0,0.0,1.0,0.0,2.017,1.45,0.82
0.0,0.0,1.0,0.0,2.011,0.98,0.98
0.0,0.0,1.0,0.0,2.018,3.3,0.375
1.0,1.0,0.0,0.0,2.01,0.8,1.385
0.0,0.0,0.0,1.0,2.018,1.3,0.82
0.0,1.0,0.0,0.0,2.022,1.385,0.311
0.0,0.0,1.0,0.0,2.02,1.6,0.45
0.0,0.0,1.0,0.0,2.017,1.84,0.64
0.0,1.0,0.0,0.0,2.019,1.48,0.19
0.0,0.0,1.0,0.0,2.015,0.98,1.177
0.0,0.0,1.0,0.0,2.025,2.3,0.056
1.0,0.0,1.0,0.0,2.022,2.55,0.825
0.0,0.0,1.0,0.0,2.017,2.1,0.74
0.0,1.0,0.0,0.0,2.025,2.09,0.035
0.0,1.0,0.0,0.0,2.015,1.45,1.07
0.0,0.0,1.0,0.0,2.012,1.19,1.06
1.0,1.0,0.0,0.0,2.022,2.195,1.245
0.0,1.0,0.0,0.0,2.019,1.65,0.98
1.0,0.0,0.0,1.0,2.027,1.35,0.0012
0.0,1.0,0.0,0.0,2.021,1.85,0.46
0.0,0.0,0.0,1.0,2.013,0.75,0.96
0.0,0.0,1.0,0.0,2.015,1.55,1.08
0.0,1.0,0.0,0.0,2.019,1.17,0.63
0.0,0.0,1.0,0.0,2.024,2.9,0.195
0.0,0.0,0.0,1.0,2.014,1.2,0.79
1.0,0.0,1.0,0.0,2.012,0.85,1.36
1.0,0.0,0.0,1.0,2.017,3.1,1.20903
0.0,0.0,0.0,1.0,2.015,1.4,0.7278
0.0,0.0,1.0,0.0,2.012,1.0,0.925
0.0,1.0,0.0,0.0,2.021,2.6,0.24559
0.0,0.0,0.0,1.0,2.018,1.6,0.63
0.0,0.0,0.0,1.0,2.022,1.65,0.02025
0.0,0.0,1.0,0.0,2.024,2.95,0.084
0.0,1.0,0.0,0.0,2.019,1.4,0.59104
0.0,0.0,0.0,1.0,2.021,3.0,0.89945
0.0,0.0,1.0,0.0,2.015,1.05,0.96
0.0,1.0,0.0,0.0,2.013,1.45,0.82
1.0,1.0,0.0,0.0,2.02,1.8,0.73
0.0,1.0,0.0,0.0,2.018,3.0,1.22
0.0,0.0,1.0,0.0,2.013,1.19,0.75602
0.0,1.0,0.0,0.0,2.023,1.99,0.19603
0.0,0.0,1.0,0.0,2.014,1.4,0.95
0.0,1.0,0.0,0.0,2.017,2.2,0.376
0.0,1.0,0.0,0.0,2.017,1.3,0.56
0.0,1.0,0.0,0.0,2.02,2.19,0.65311
1.0,0.0,0.0,1.0,2.023,1.32,0.5
0.0,0.0,0.0,1.0,2.023,1.35,0.43
1.0,1.0,0.0,0.0,2.021,1.79,0.29
1.0,0.0,0.0,1.0,2.013,1.05,1.5
0.0,0.0,1.0,0.0,2.011,1.0,1.21
0.0,0.0,1.0,0.0,2.022,4.45,0.447
0.0,0.0,1.0,0.0,2.025,2.49,0.048
0.0,1.0,0.0,0.0,2.01,1.15,1.5
0.0,0.0,0.0,1.0,2.013,0.85,0.87331
0.0,1.0,0.0,0.0,2.022,1.5743,0.45
0.0,0.0,0.0,1.0,2.014,1.3,0.77
0.0,0.0,0.0,1.0,2.018,3.1,0.595
0.0,0.0,1.0,0.0,2.023,3.8,0.485
0.0,1.0,0.0,0.0,2.024,3.0,0.175
0.0,0.0,1.0,0.0,2.011,1.35,1.15
1.0,1.0,0.0,0.0,2.024,2.13,0.0599
0.0,0.0,1.0,0.0,2.02,2.3,0.6
0.0,0.0,0.0,1.0,2.023,1.15,0.43
0.0,0.0,1.0,0.0,2.007,0.785,1.48
0.0,0.0,0.0,1.0,2.011,1.195,0.41
1.0,0.0,0.0,1.0,2.02,1.02,0.8
1.0,1.0,0.0,0.0,2.013,1.1,0.5
0.0,0.0,1.0,0.0,2.024,2.3,0.08401
0.0,1.0,0.0,0.0,2.024,3.0,0.18
0.0,0.0,1.0,0.0,2.015,1.23,0.65
0.0,0.0,1.0,0.0,2.018,1.65,1.22
1.0,0.0,0.0,1.0,2.021,0.8,0.45
0.0,1.0,0.0,0.0,2.022,2.04,0.1
1.0,0.0,0.0,1.0,2.012,0.74,1.66
0.0,1.0,0.0,0.0,2.019,1.49,0.796
0.0,0.0,0.0,1.0,2.022,1.35,0.1234
0.0,0.0,1.0,0.0,2.024,2.0,0.227
0.0,1.0,0.0,0.0,2.015,1.87,0.10001
1.0,0.0,1.0,0.0,2.023,1.56,0.5
0.0,0.0,0.0,1.0,2.025,1.85,0.081
0.0,1.0,0.0,0.0,2.013,3.4,0.92
1.0,0.0,0.0,1.0,2.015,0.82,1.4
0.0,1.0,0.0,0.0,2.013,0.65,0.8
0.0,0.0,1.0,0.0,2.023,2.8,0.165
0.0,0.0,1.0,0.0,2.024,2.049,0.159
0.0,0.0,0.0,1.0,2.015,1.1,0.4116
0.0,1.0,0.0,0.0,2.016,0.85,0.79102
1.0,0.0,0.0,1.0,2.016,1.1,0.61
0.0,1.0,0.0,0.0,2.021,2.06,0.4122
0.0,1.0,0.0,0.0,2.025,3.65,0.01077
0.0,0.0,1.0,0.0,2.021,2.1,0.12886
0.0,0.0,1.0,0.0,2.015,1.68,0.00084
0.0,1.0,0.0,0.0,2.016,0.97,0.599
0.0,1.0,0.0,0.0,2.021,1.55,0.58
1.0,0.0,0.0,1.0,2.021,1.65,0.77394
0.0,0.0,0.0,1.0,2.022,1.1,0.24
0.0,0.0,0.0,1.0,2.022,1.695,0.3
0.0,0.0,1.0,0.0,2.022,2.26,0.24
0.0,0.0,1.0,0.0,2.012,0.98,1.04
0.0,0.0,1.0,0.0,2.018,2.1,0.68
0.0,0.0,1.0,0.0,2.017,2.1,0.575
0.0,1.0,0.0,0.0,2.018,1.35,0.63921
1.0,1.0,0.0,0.0,2.018,4.3,0.87
0.0,0.0,1.0,0.0,2.012,1.25,0.644
1.0,0.0,1.0,0.0,2.013,1.09,1.63
0.0,0.0,1.0,0.0,2.014,1.2,0.75
1.0,1.0,0.0,0.0,2.026,1.699,0.005
0.0,1.0,0.0,0.0,2.024,2.3999,0.0899
0.0,1.0,0.0,0.0,2.023,3.6,0.46
1.0,1.0,0.0,0.0,2.022,1.0,0.46
0.0,0.0,1.0,0.0,2.023,1.4,0.78
0.0,0.0,1.0,0.0,2.022,4.19,0.35
0.0,1.0,0.0,0.0,2.024,1.24,0.19
0.0,0.0,1.0,0.0,2.014,0.84,1.008
1.0,0.0,1.0,0.0,2.024,2.1,0.5
0.0,0.0,1.0,0.0,2.022,2.4,0.595
0.0,1.0,0.0,0.0,2.023,1.99,0.17
0.0,0.0,1.0,0.0,2.014,1.38,0.68
0.0,1.0,0.0,0.0,2.024,2.1,0.182
1.0,1.0,0.0,0.0,2.024,1.75,0.19
0.0,0.0,1.0,0.0,2.019,2.5,0.32
1.0,1.0,0.0,0.0,2.024,4.3,0.29
0.0,0.0,0.0,1.0,2.015,1.69,1.59
0.0,0.0,1.0,0.0,2.023,4.3,0.28631
1.0,1.0,0.0,0.0,2.02,1.5,0.66
0.0,0.0,0.0,1.0,2.013,1.4,1.07
1.0,0.0,0.0,1.0,2.022,1.09,0.79
0.0,0.0,1.0,0.0,2.01,1.18,1.335
0.0,1.0,0.0,0.0,2.013,1.23,1.47
1.0,0.0,0.0,1.0,2.023,1.45,0.28
1.0,0.0,0.0,1.0,2.013,1.4,1.41698
0.0,0.0,0.0,1.0,2.009,3.75,0.87
0.0,1.0,0.0,0.0,2.016,1.45,0.677
1.0,0.0,1.0,0.0,2.01,0.95,1.65
0.0,0.0,0.0,1.0,2.02,1.35,0.575
0.0,1.0,0.0,0.0,2.018,1.7,1.09
0.0,1.0,0.0,0.0,2.014,0.73,0.76
0.0,1.0,0.0,0.0,2.016,1.65,0.21
0.0,0.0,0.0,1.0,2.01,0.49,0.0018
1.0,0.0,0.0,1.0,2.021,1.499,0.8
0.0,0.0,0.0,1.0,2.011,0.85,1.18
0.0,0.0,1.0,0.0,2.016,1.55,1.09
1.0,0.0,0.0,1.0,2.015,1.05,0.92
0.0,1.0,0.0,0.0,2.008,3.2,0.83
0.0,1.0,0.0,0.0,2.023,2.89,0.2
0.0,0.0,0.0,1.0,2.017,0.86,0.495
0.0,1.0,0.0,0.0,2.013,1.75,1.45
0.0,0.0,0.0,1.0,2.016,1.65,0.50051
0.0,0.0,1.0,0.0,2.017,2.09,0.642
0.0,0.0,1.0,0.0,2.024,1.59,0.0435
1.0,0.0,0.0,1.0,2.018,1.29,0.92
0.0,0.0,1.0,0.0,2.012,1.33,0.823
0.0,1.0,0.0,0.0,2.024,3.1,0.1103
0.0,0.0,1.0,0.0,2.018,1.95,0.77
0.0,0.0,1.0,0.0,2.015,1.05,0.73004
1.0,0.0,1.0,0.0,2.019,3.5,1.24
0.0,1.0,0.0,0.0,2.025,1.31,0.0385
1.0,0.0,0.0,1.0,2.018,1.685,0.79
0.0,1.0,0.0,0.0,2.007,0.9,1.3
0.0,1.0,0.0,0.0,2.011,0.75,0.84
0.0,0.0,1.0,0.0,2.021,1.8,0.49
0.0,1.0,0.0,0.0,2.022,1.75,0.175
0.0,0.0,1.0,0.0,2.019,2.3,0.88
1.0,0.0,1.0,0.0,2.016,2.375,1.2
0.0,0.0,0.0,1.0,2.015,1.05,0.405
0.0,1.0,0.0,0.0,2.011,0.8,0.72
1.0,0.0,0.0,1.0,2.021,1.55,0.48573
0.0,0.0,1.0,0.0,2.017,3.15,0.42
0.0,1.0,0.0,0.0,2.024,2.3,0.21
0.0,1.0,0.0,0.0,2.018,1.69,1.52
0.0,0.0,0.0,1.0,2.018,1.35,0.87
1.0,0.0,1.0,0.0,2.017,3.79,0.96
1.0,0.0,0.0,1.0,2.02,2.15,1.1
0.0,1.0,0.0,0.0,2.023,1.95,0.16
0.0,1.0,0.0,0.0,2.015,0.85,0.9799
0.0,0.0,1.0,0.0,2.025,2.49,0.03
1.0,0.0,1.0,0.0,2.009,1.2,1.2
0.0,0.0,1.0,0.0,2.019,2.5,0.043
0.0,0.0,0.0,1.0,2.014,0.79,1.06
0.0,1.0,0.0,0.0,2.023,1.8,0.155
1.0,0.0,0.0,1.0,2.024,1.065,1.125
0.0,1.0,0.0,0.0,2.018,2.5,0.53119
0.0,1.0,0.0,0.0,2.015,1.475,1.06
0.0,0.0,0.0,1.0,2.018,1.2,1.374
0.0,1.0,0.0,0.0,2.023,2.0,0.168
1.0,0.0,0.0,1.0,2.023,2.7,1.1425
1.0,0.0,1.0,0.0,2.019,2.0,0.33
0.0,0.0,0.0,1.0,2.014,0.95,0.816
0.0,0.0,0.0,1.0,2.022,1.725,0.331
1.0,0.0,1.0,0.0,2.013,1.33,0.68
0.0,0.0,1.0,0.0,2.015,1.3,0.79
0.0,0.0,1.0,0.0,2.018,3.0,0.68
0.0,1.0,0.0,0.0,2.007,0.8,0.96
0.0,1.0,0.0,0.0,2.025,1.47,0.18
0.0,1.0,0.0,0.0,2.012,1.2,1.07542
0.0,0.0,1.0,0.0,2.012,0.9,1.44
0.0,1.0,0.0,0.0,2.02,1.18,0.35
0.0,0.0,1.0,0.0,2.019,2.7,0.625
0.0,0.0,1.0,0.0,2.015,1.3,0.79
1.0,0.0,0.0,1.0,2.02,0.94,0.67
0.0,1.0,0.0,0.0,2.014,1.3,1.066
0.0,0.0,0.0,1.0,2.014,0.945,0.8
1.0,0.0,1.0,0.0,2.011,1.19,1.05
0.0,0.0,1.0,0.0,2.016,1.39,0.95
0.0,0.0,0.0,1.0,2.02,0.81,1.2
0.0,1.0,0.0,0.0,2.019,1.69,1.13
0.0,0.0,1.0,0.0,2.024,2.5,0.016
0.0,0.0,1.0,0.0,2.02,3.35,0.544
0.0,0.0,0.0,1.0,2.013,0.79,0.7
0.0,1.0,0.0,0.0,2.024,2.14,0.165
0.0,0.0,0.0,1.0,2.011,1.4,1.4
0.0,0.0,0.0,1.0,2.015,1.25,0.55
0.0,1.0,0.0,0.0,2.008,1.12,1.05
0.0,0.0,1.0,0.0,2.021,2.99,0.855
1.0,1.0,0.0,0.0,2.025,1.8,0.305
1.0,0.0,0.0,1.0,2.016,1.05,1.007
0.0,1.0,0.0,0.0,2.013,1.13,0.625
0.0,0.0,1.0,0.0,2.013,0.9,0.97287
0.0,0.0,1.0,0.0,2.018,2.34,0.499
0.0,0.0,1.0,0.0,2.018,2.43,0.95
0.0,0.0,1.0,0.0,2.018,2.59,0.6
0.0,0.0,1.0,0.0,2.023,1.85,0.21
0.0,0.0,1.0,0.0,2.023,2.2,0.333
0.0,0.0,1.0,0.0,2.014,1.19,0.001
0.0,0.0,1.0,0.0,2.019,2.19,0.51
0.0,0.0,1.0,0.0,2.018,3.0,0.79
1.0,0.0,0.0,1.0,2.023,2.9,0.5
1.0,0.0,0.0,1.0,2.018,1.65,0.9
0.0,1.0,0.0,0.0,2.009,1.05,0.75
1.0,1.0,0.0,0.0,2.022,2.1,0.18
0.0,0.0,1.0,0.0,2.02,2.55,0.6122
1.0,1.0,0.0,0.0,2.009,2.5,1.5
0.0,0.0,0.0,1.0,2.012,0.83,0.00109
1.0,1.0,0.0,0.0,2.023,1.98,0.29
0.0,1.0,0.0,0.0,2.023,1.72,0.185
0.0,0.0,0.0,1.0,2.013,0.78,0.964
1.0,0.0,0.0,1.0,2.012,0.535,1.47
0.0,1.0,0.0,0.0,2.023,1.38,0.785
0.0,0.0,1.0,0.0,2.012,0.7,0.86
0.0,0.0,0.0,1.0,2.013,1.1,1.3
0.0,0.0,1.0,0.0,2.013,1.27,0.0012
0.0,0.0,1.0,0.0,2.017,4.25,0.495
1.0,0.0,0.0,1.0,2.021,0.8,1.15
0.0,0.0,0.0,1.0,2.023,1.37,0.028
1.0,0.0,0.0,1.0,2.022,2.45,0.9
0.0,0.0,1.0,0.0,2.016,1.8,0.8
0.0,1.0,0.0,0.0,2.011,1.55,1.37
0.0,0.0,1.0,0.0,2.022,2.1,0.92
0.0,0.0,0.0,1.0,2.012,0.7299,0.698
0.0,0.0,1.0,0.0,2.009,1.35,0.135
0.0,0.0,1.0,0.0,2.011,1.15,0.675
1.0,0.0,0.0,1.0,2.023,1.4,1.0
1.0,0.0,0.0,1.0,2.023,3.15,0.68
0.0,0.0,1.0,0.0,2.024,3.7,0.043
1.0,0.0,1.0,0.0,2.013,1.1,1.58
0.0,0.0,1.0,0.0,2.017,1.52,0.61
0.0,1.0,0.0,0.0,2.02,1.7,0.64
0.0,1.0,0.0,0.0,2.019,2.799,1.0936
1.0,0.0,1.0,0.0,2.011,0.99,0.996
0.0,1.0,0.0,0.0,2.018,2.2,0.995
1.0,0.0,0.0,1.0,2.018,0.62,1.45
0.0,0.0,1.0,0.0,2.011,1.15,1.24
0.0,0.0,0.0,1.0,2.022,1.37,0.48
0.0,0.0,1.0,0.0,2.022,2.4,0.85
0.0,0.0,1.0,0.0,2.02,1.89,0.85
0.0,1.0,0.0,0.0,2.012,1.8,1.03
0.0,0.0,0.0,1.0,2.022,1.85,0.124
0.0,0.0,0.0,1.0,2.017,1.69,0.9
1.0,0.0,1.0,0.0,2.017,3.0,0.615
0.0,1.0,0.0,0.0,2.012,1.25,1.14
1.0,1.0,0.0,0.0,2.012,0.7,1.4
0.0,1.0,0.0,0.0,2.02,1.9,0.228
0.0,0.0,1.0,0.0,2.014,1.29,1.16
1.0,0.0,1.0,0.0,2.021,2.3,0.92
0.0,0.0,1.0,0.0,2.019,2.19,0.485
1.0,0.0,0.0,1.0,2.011,0.85,0.85
1.0,0.0,0.0,1.0,2.019,2.9,1.17318
0.0,0.0,1.0,0.0,2.022,1.799,0.48
0.0,0.0,1.0,0.0,2.019,1.9999,0.985
0.0,0.0,1.0,0.0,2.016,2.5,0.357
